State_FIPS,State,Variable_Code,Value
1,AL,WIC_PART_2012,141899.8333
1,AL,WIC_PART_2013,139000.5
1,AL,WIC_PART_2014,131046.25
1,AL,WIC_PART_2015,132132.75
1,AL,WIC_PART_2016,129159.9167
1,AL,WIC_PART_2017,123992.5833
1,AL,WIC_PART_2018,120604.75
1,AL,NSLP_PART_2012,562959.0076
1,AL,NSLP_PART_2013,539664.2694
1,AL,NSLP_PART_2014,531099.2449
1,AL,NSLP_PART_2015,531305.2859
1,AL,NSLP_PART_2016,525930.9601
1,AL,NSLP_PART_2017,511643.0541
1,AL,NSLP_PART_2018,499631.3077
1,AL,SBP_PART_2012,224489.7519
1,AL,SBP_PART_2013,224172.9594
1,AL,SBP_PART_2014,236579.8873
1,AL,SBP_PART_2015,254270.2865
1,AL,SBP_PART_2016,266951.9358
1,AL,SBP_PART_2017,271324.104
1,AL,SBP_PART_2018,267372.0484
1,AL,CACFP_PART_2012,42903.75
1,AL,CACFP_PART_2013,41862.5
1,AL,CACFP_PART_2014,45038.75
1,AL,CACFP_PART_2015,51263.75
1,AL,CACFP_PART_2016,59447.5
1,AL,CACFP_PART_2017,61361.5
1,AL,CACFP_PART_2018,65638
1,AL,SFSP_PART_2012,26077
1,AL,SFSP_PART_2013,30308
1,AL,SFSP_PART_2014,42484
1,AL,SFSP_PART_2015,49715
1,AL,SFSP_PART_2016,48691
1,AL,SFSP_PART_2017,51622
1,AL,SFSP_PART_2018,51222
1,AL,State_Population_2012,4815564
1,AL,State_Population_2013,4830460
1,AL,State_Population_2014,4842481
1,AL,State_Population_2015,4853160
1,AL,State_Population_2016,4864745
1,AL,State_Population_2017,4875120
1,AL,State_Population_2018,4887871
2,AK,WIC_PART_2012,24969.3333
2,AK,WIC_PART_2013,23054.6667
2,AK,WIC_PART_2014,19604.6667
2,AK,WIC_PART_2015,19682
2,AK,WIC_PART_2016,19120.9167
2,AK,WIC_PART_2017,18188.1667
2,AK,WIC_PART_2018,17092.4167
2,AK,NSLP_PART_2012,53919.813
2,AK,NSLP_PART_2013,52495.0258
2,AK,NSLP_PART_2014,51002.8767
2,AK,NSLP_PART_2015,53616.9244
2,AK,NSLP_PART_2016,52479.8034
2,AK,NSLP_PART_2017,53577.9696
2,AK,NSLP_PART_2018,53653.482
2,AK,SBP_PART_2012,20758.7199
2,AK,SBP_PART_2013,20740.7407
2,AK,SBP_PART_2014,21044.7081
2,AK,SBP_PART_2015,25111.231
2,AK,SBP_PART_2016,25979.1442
2,AK,SBP_PART_2017,26769.1478
2,AK,SBP_PART_2018,27000.5993
2,AK,CACFP_PART_2012,10540.75
2,AK,CACFP_PART_2013,10962.75
2,AK,CACFP_PART_2014,11429.5
2,AK,CACFP_PART_2015,10786.5
2,AK,CACFP_PART_2016,10039
2,AK,CACFP_PART_2017,10082.5
2,AK,CACFP_PART_2018,9547
2,AK,SFSP_PART_2012,4661
2,AK,SFSP_PART_2013,5078
2,AK,SFSP_PART_2014,6670
2,AK,SFSP_PART_2015,5850
2,AK,SFSP_PART_2016,4688
2,AK,SFSP_PART_2017,4959
2,AK,SFSP_PART_2018,4266
2,AK,State_Population_2012,730399
2,AK,State_Population_2013,737045
2,AK,State_Population_2014,736307
2,AK,State_Population_2015,737547
2,AK,State_Population_2016,741504
2,AK,State_Population_2017,739786
2,AK,State_Population_2018,737438
4,AZ,WIC_PART_2012,193214.0834
4,AZ,WIC_PART_2013,182500.75
4,AZ,WIC_PART_2014,173020.1667
4,AZ,WIC_PART_2015,167072.25
4,AZ,WIC_PART_2016,163997.75
4,AZ,WIC_PART_2017,153510.0834
4,AZ,WIC_PART_2018,149513.3334
4,AZ,NSLP_PART_2012,662439.5302
4,AZ,NSLP_PART_2013,646766.7506
4,AZ,NSLP_PART_2014,644173.319
4,AZ,NSLP_PART_2015,647425.7461
4,AZ,NSLP_PART_2016,641045.1876
4,AZ,NSLP_PART_2017,638136.1621
4,AZ,NSLP_PART_2018,627715.5699
4,AZ,SBP_PART_2012,274596.3083
4,AZ,SBP_PART_2013,289520.1966
4,AZ,SBP_PART_2014,300355.3878
4,AZ,SBP_PART_2015,308742.4188
4,AZ,SBP_PART_2016,315991.8495
4,AZ,SBP_PART_2017,314725.6383
4,AZ,SBP_PART_2018,313831.4755
4,AZ,CACFP_PART_2012,41670.75
4,AZ,CACFP_PART_2013,42945.25
4,AZ,CACFP_PART_2014,40344
4,AZ,CACFP_PART_2015,42551.5
4,AZ,CACFP_PART_2016,42618
4,AZ,CACFP_PART_2017,42284.75
4,AZ,CACFP_PART_2018,49678.25
4,AZ,SFSP_PART_2012,27554
4,AZ,SFSP_PART_2013,23688
4,AZ,SFSP_PART_2014,23209
4,AZ,SFSP_PART_2015,14763
4,AZ,SFSP_PART_2016,13924
4,AZ,SFSP_PART_2017,12301
4,AZ,SFSP_PART_2018,14701
4,AZ,State_Population_2012,6556629
4,AZ,State_Population_2013,6634999
4,AZ,State_Population_2014,6733840
4,AZ,State_Population_2015,6833596
4,AZ,State_Population_2016,6945452
4,AZ,State_Population_2017,7048876
4,AZ,State_Population_2018,7171646
5,AR,WIC_PART_2012,94292.75
5,AR,WIC_PART_2013,89776.8333
5,AR,WIC_PART_2014,83288.5833
5,AR,WIC_PART_2015,84219.5833
5,AR,WIC_PART_2016,80554.6667
5,AR,WIC_PART_2017,76518.5
5,AR,WIC_PART_2018,73606.75
5,AR,NSLP_PART_2012,348908.9057
5,AR,NSLP_PART_2013,332496.9435
5,AR,NSLP_PART_2014,327469.1358
5,AR,NSLP_PART_2015,320921.3712
5,AR,NSLP_PART_2016,317039.3144
5,AR,NSLP_PART_2017,314201.4863
5,AR,NSLP_PART_2018,311040.8726
5,AR,SBP_PART_2012,162017.9792
5,AR,SBP_PART_2013,166376.4833
5,AR,SBP_PART_2014,172604.6986
5,AR,SBP_PART_2015,180120.9397
5,AR,SBP_PART_2016,183707.1797
5,AR,SBP_PART_2017,184850.893
5,AR,SBP_PART_2018,189762.3157
5,AR,CACFP_PART_2012,55787
5,AR,CACFP_PART_2013,67629.75
5,AR,CACFP_PART_2014,76841.25
5,AR,CACFP_PART_2015,67984.5
5,AR,CACFP_PART_2016,66903
5,AR,CACFP_PART_2017,63450.25
5,AR,CACFP_PART_2018,57042.75
5,AR,SFSP_PART_2012,26217
5,AR,SFSP_PART_2013,41946
5,AR,SFSP_PART_2014,45837
5,AR,SFSP_PART_2015,31081
5,AR,SFSP_PART_2016,35767
5,AR,SFSP_PART_2017,23544
5,AR,SFSP_PART_2018,18211
5,AR,State_Population_2012,2952109
5,AR,State_Population_2013,2959549
5,AR,State_Population_2014,2967726
5,AR,State_Population_2015,2978407
5,AR,State_Population_2016,2990410
5,AR,State_Population_2017,3002997
5,AR,State_Population_2018,3013825
6,CA,WIC_PART_2012,1472468.25
6,CA,WIC_PART_2013,1431881.417
6,CA,WIC_PART_2014,1348938.583
6,CA,WIC_PART_2015,1265005.25
6,CA,WIC_PART_2016,1174874.917
6,CA,WIC_PART_2017,1080241.083
6,CA,WIC_PART_2018,1009491.833
6,CA,NSLP_PART_2012,3355494.427
6,CA,NSLP_PART_2013,3294580.367
6,CA,NSLP_PART_2014,3280732.59
6,CA,NSLP_PART_2015,3271743.977
6,CA,NSLP_PART_2016,3251959.367
6,CA,NSLP_PART_2017,3215762.436
6,CA,NSLP_PART_2018,3177215.75
6,CA,SBP_PART_2012,1406620.161
6,CA,SBP_PART_2013,1517341.244
6,CA,SBP_PART_2014,1645889.848
6,CA,SBP_PART_2015,1691158.936
6,CA,SBP_PART_2016,1722908.906
6,CA,SBP_PART_2017,1727064.126
6,CA,SBP_PART_2018,1706654.201
6,CA,CACFP_PART_2012,362931
6,CA,CACFP_PART_2013,451422
6,CA,CACFP_PART_2014,511862.75
6,CA,CACFP_PART_2015,562667
6,CA,CACFP_PART_2016,595088.25
6,CA,CACFP_PART_2017,617881.75
6,CA,CACFP_PART_2018,624624.25
6,CA,SFSP_PART_2012,104384
6,CA,SFSP_PART_2013,114689
6,CA,SFSP_PART_2014,115912
6,CA,SFSP_PART_2015,128025
6,CA,SFSP_PART_2016,123477
6,CA,SFSP_PART_2017,152251
6,CA,SFSP_PART_2018,144780
6,CA,State_Population_2012,37960782
6,CA,State_Population_2013,38280824
6,CA,State_Population_2014,38625139
6,CA,State_Population_2015,38953142
6,CA,State_Population_2016,39209127
6,CA,State_Population_2017,39399349
6,CA,State_Population_2018,39557045
8,CO,WIC_PART_2012,103768.75
8,CO,WIC_PART_2013,96873.5833
8,CO,WIC_PART_2014,91990.9167
8,CO,WIC_PART_2015,90953.5
8,CO,WIC_PART_2016,86999.3334
8,CO,WIC_PART_2017,84582.4166
8,CO,WIC_PART_2018,85258.25
8,CO,NSLP_PART_2012,389955.4117
8,CO,NSLP_PART_2013,375033.3213
8,CO,NSLP_PART_2014,372674.6974
8,CO,NSLP_PART_2015,378228.9344
8,CO,NSLP_PART_2016,376744.2167
8,CO,NSLP_PART_2017,368667.5057
8,CO,NSLP_PART_2018,367376.0039
8,CO,SBP_PART_2012,142955.6514
8,CO,SBP_PART_2013,155733.3094
8,CO,SBP_PART_2014,168991.6098
8,CO,SBP_PART_2015,185013.6641
8,CO,SBP_PART_2016,187317.6315
8,CO,SBP_PART_2017,183179.4319
8,CO,SBP_PART_2018,179740.2613
8,CO,CACFP_PART_2012,32550.25
8,CO,CACFP_PART_2013,32507.25
8,CO,CACFP_PART_2014,31816.5
8,CO,CACFP_PART_2015,43319.75
8,CO,CACFP_PART_2016,43662.75
8,CO,CACFP_PART_2017,43822.5
8,CO,CACFP_PART_2018,42451.5
8,CO,SFSP_PART_2012,16646
8,CO,SFSP_PART_2013,17933
8,CO,SFSP_PART_2014,19076
8,CO,SFSP_PART_2015,20180
8,CO,SFSP_PART_2016,19909
8,CO,SFSP_PART_2017,27258
8,CO,SFSP_PART_2018,25979
8,CO,State_Population_2012,5193721
8,CO,State_Population_2013,5270482
8,CO,State_Population_2014,5351218
8,CO,State_Population_2015,5452107
8,CO,State_Population_2016,5540921
8,CO,State_Population_2017,5615902
8,CO,State_Population_2018,5695564
9,CT,WIC_PART_2012,56583.5833
9,CT,WIC_PART_2013,54248.1667
9,CT,WIC_PART_2014,52560.75
9,CT,WIC_PART_2015,51295.4167
9,CT,WIC_PART_2016,49155.0833
9,CT,WIC_PART_2017,47829.6667
9,CT,WIC_PART_2018,47297.1667
9,CT,NSLP_PART_2012,296699.3887
9,CT,NSLP_PART_2013,280253.3861
9,CT,NSLP_PART_2014,283110.1522
9,CT,NSLP_PART_2015,288268.3687
9,CT,NSLP_PART_2016,288155.9391
9,CT,NSLP_PART_2017,283197.7706
9,CT,NSLP_PART_2018,278107.755
9,CT,SBP_PART_2012,86529.306
9,CT,SBP_PART_2013,87970.8738
9,CT,SBP_PART_2014,93276.759
9,CT,SBP_PART_2015,101002.8767
9,CT,SBP_PART_2016,108076.3514
9,CT,SBP_PART_2017,108240.4411
9,CT,SBP_PART_2018,107818.0511
9,CT,CACFP_PART_2012,20326.25
9,CT,CACFP_PART_2013,20779.75
9,CT,CACFP_PART_2014,20479.75
9,CT,CACFP_PART_2015,21873.25
9,CT,CACFP_PART_2016,22721.5
9,CT,CACFP_PART_2017,22712.25
9,CT,CACFP_PART_2018,24297.75
9,CT,SFSP_PART_2012,10185
9,CT,SFSP_PART_2013,12171
9,CT,SFSP_PART_2014,17274
9,CT,SFSP_PART_2015,28276
9,CT,SFSP_PART_2016,28038
9,CT,SFSP_PART_2017,32655
9,CT,SFSP_PART_2018,31519
9,CT,State_Population_2012,3594395
9,CT,State_Population_2013,3594915
9,CT,State_Population_2014,3594783
9,CT,State_Population_2015,3587509
9,CT,State_Population_2016,3578674
9,CT,State_Population_2017,3573880
9,CT,State_Population_2018,3572665
10,DE,WIC_PART_2012,22213.6667
10,DE,WIC_PART_2013,20796.9167
10,DE,WIC_PART_2014,19872.8333
10,DE,WIC_PART_2015,18997.9167
10,DE,WIC_PART_2016,18097.4167
10,DE,WIC_PART_2017,17161.5
10,DE,WIC_PART_2018,16796.8333
10,DE,NSLP_PART_2012,96040.1534
10,DE,NSLP_PART_2013,94570.7779
10,DE,NSLP_PART_2014,94943.4256
10,DE,NSLP_PART_2015,97995.0857
10,DE,NSLP_PART_2016,98527.9875
10,DE,NSLP_PART_2017,98976.8668
10,DE,NSLP_PART_2018,97980.4627
10,DE,SBP_PART_2012,38624.116
10,DE,SBP_PART_2013,39521.9945
10,DE,SBP_PART_2014,41136.8812
10,DE,SBP_PART_2015,47980.1031
10,DE,SBP_PART_2016,51377.6819
10,DE,SBP_PART_2017,52745.7749
10,DE,SBP_PART_2018,52918.974
10,DE,CACFP_PART_2012,18366.75
10,DE,CACFP_PART_2013,19016
10,DE,CACFP_PART_2014,18886
10,DE,CACFP_PART_2015,19986.75
10,DE,CACFP_PART_2016,20583.25
10,DE,CACFP_PART_2017,22322.5
10,DE,CACFP_PART_2018,23906.5
10,DE,SFSP_PART_2012,14366
10,DE,SFSP_PART_2013,8190
10,DE,SFSP_PART_2014,9935
10,DE,SFSP_PART_2015,10425
10,DE,SFSP_PART_2016,11906
10,DE,SFSP_PART_2017,15422
10,DE,SFSP_PART_2018,14840
10,DE,State_Population_2012,915188
10,DE,State_Population_2013,923638
10,DE,State_Population_2014,932596
10,DE,State_Population_2015,941413
10,DE,State_Population_2016,949216
10,DE,State_Population_2017,957078
10,DE,State_Population_2018,967171
11,DC,WIC_PART_2012,16474.25
11,DC,WIC_PART_2013,15674.25
11,DC,WIC_PART_2014,14500.5
11,DC,WIC_PART_2015,14525.9167
11,DC,WIC_PART_2016,14363.0833
11,DC,WIC_PART_2017,13579.8333
11,DC,WIC_PART_2018,12465.9167
11,DC,NSLP_PART_2012,47734.6278
11,DC,NSLP_PART_2013,50569.4594
11,DC,NSLP_PART_2014,50809.4211
11,DC,NSLP_PART_2015,52668.3447
11,DC,NSLP_PART_2016,53885.5328
11,DC,NSLP_PART_2017,52710.7755
11,DC,NSLP_PART_2018,56104.279
11,DC,SBP_PART_2012,33281.4335
11,DC,SBP_PART_2013,34873.4268
11,DC,SBP_PART_2014,34873.9063
11,DC,SBP_PART_2015,34498.7415
11,DC,SBP_PART_2016,35798.1541
11,DC,SBP_PART_2017,35028.6468
11,DC,SBP_PART_2018,37501.4983
11,DC,CACFP_PART_2012,7827.75
11,DC,CACFP_PART_2013,4989.5
11,DC,CACFP_PART_2014,5764.75
11,DC,CACFP_PART_2015,5581
11,DC,CACFP_PART_2016,17594.25
11,DC,CACFP_PART_2017,30604.25
11,DC,CACFP_PART_2018,28545
11,DC,SFSP_PART_2012,36158
11,DC,SFSP_PART_2013,34778
11,DC,SFSP_PART_2014,39449
11,DC,SFSP_PART_2015,28713
11,DC,SFSP_PART_2016,28463
11,DC,SFSP_PART_2017,15494
11,DC,SFSP_PART_2018,12605
11,DC,State_Population_2012,634725
11,DC,State_Population_2013,650431
11,DC,State_Population_2014,662513
11,DC,State_Population_2015,675254
11,DC,State_Population_2016,686575
11,DC,State_Population_2017,695691
11,DC,State_Population_2018,702455
12,FL,WIC_PART_2012,495404.8333
12,FL,WIC_PART_2013,483564.6667
12,FL,WIC_PART_2014,466735.5833
12,FL,WIC_PART_2015,483810.8333
12,FL,WIC_PART_2016,481519.5833
12,FL,WIC_PART_2017,468866.5833
12,FL,WIC_PART_2018,450623.6667
12,FL,NSLP_PART_2012,1653679.971
12,FL,NSLP_PART_2013,1638775.141
12,FL,NSLP_PART_2014,1651221.383
12,FL,NSLP_PART_2015,1675729.594
12,FL,NSLP_PART_2016,1704152.583
12,FL,NSLP_PART_2017,1715885.053
12,FL,NSLP_PART_2018,1752674.338
12,FL,SBP_PART_2012,711285.0294
12,FL,SBP_PART_2013,750969.4355
12,FL,SBP_PART_2014,773081.026
12,FL,SBP_PART_2015,786513.4844
12,FL,SBP_PART_2016,832401.0548
12,FL,SBP_PART_2017,855037.3966
12,FL,SBP_PART_2018,866111.1111
12,FL,CACFP_PART_2012,210496.5
12,FL,CACFP_PART_2013,223790.75
12,FL,CACFP_PART_2014,248434
12,FL,CACFP_PART_2015,269541.25
12,FL,CACFP_PART_2016,299778.5
12,FL,CACFP_PART_2017,302110.25
12,FL,CACFP_PART_2018,311957.25
12,FL,SFSP_PART_2012,137796
12,FL,SFSP_PART_2013,145389
12,FL,SFSP_PART_2014,155570
12,FL,SFSP_PART_2015,163418
12,FL,SFSP_PART_2016,251595
12,FL,SFSP_PART_2017,229220
12,FL,SFSP_PART_2018,212179
12,FL,State_Population_2012,19326230
12,FL,State_Population_2013,19563166
12,FL,State_Population_2014,19860330
12,FL,State_Population_2015,20224249
12,FL,State_Population_2016,20629982
12,FL,State_Population_2017,20976812
12,FL,State_Population_2018,21299325
13,GA,WIC_PART_2012,303874.6667
13,GA,WIC_PART_2013,289524.4167
13,GA,WIC_PART_2014,271416
13,GA,WIC_PART_2015,264298.9167
13,GA,WIC_PART_2016,253652.5833
13,GA,WIC_PART_2017,237224.4167
13,GA,WIC_PART_2018,217695.0833
13,GA,NSLP_PART_2012,1287032.722
13,GA,NSLP_PART_2013,1245367.614
13,GA,NSLP_PART_2014,1236304.447
13,GA,NSLP_PART_2015,1236153.542
13,GA,NSLP_PART_2016,1224626.873
13,GA,NSLP_PART_2017,1211207.479
13,GA,NSLP_PART_2018,1190337.648
13,GA,SBP_PART_2012,620654.8004
13,GA,SBP_PART_2013,608138.0798
13,GA,SBP_PART_2014,626649.7663
13,GA,SBP_PART_2015,626930.2409
13,GA,SBP_PART_2016,646702.0256
13,GA,SBP_PART_2017,649923.8883
13,GA,SBP_PART_2018,646451.8758
13,GA,CACFP_PART_2012,135286.25
13,GA,CACFP_PART_2013,138070
13,GA,CACFP_PART_2014,141104.5
13,GA,CACFP_PART_2015,141701.75
13,GA,CACFP_PART_2016,141950
13,GA,CACFP_PART_2017,143991
13,GA,CACFP_PART_2018,145731
13,GA,SFSP_PART_2012,84854
13,GA,SFSP_PART_2013,71557
13,GA,SFSP_PART_2014,98044
13,GA,SFSP_PART_2015,101239
13,GA,SFSP_PART_2016,88156
13,GA,SFSP_PART_2017,88446
13,GA,SFSP_PART_2018,93839
13,GA,State_Population_2012,9901496
13,GA,State_Population_2013,9973326
13,GA,State_Population_2014,10069001
13,GA,State_Population_2015,10181111
13,GA,State_Population_2016,10304763
13,GA,State_Population_2017,10413055
13,GA,State_Population_2018,10519475
15,HI,WIC_PART_2012,37169.4167
15,HI,WIC_PART_2013,36370.0833
15,HI,WIC_PART_2014,33922.5
15,HI,WIC_PART_2015,31616
15,HI,WIC_PART_2016,30117.25
15,HI,WIC_PART_2017,26855.5
15,HI,WIC_PART_2018,26114.5
15,HI,NSLP_PART_2012,113618.3627
15,HI,NSLP_PART_2013,113609.1334
15,HI,NSLP_PART_2014,113980.7024
15,HI,NSLP_PART_2015,109589.9557
15,HI,NSLP_PART_2016,106992.9282
15,HI,NSLP_PART_2017,103947.2612
15,HI,NSLP_PART_2018,102751.4084
15,HI,SBP_PART_2012,38942.7065
15,HI,SBP_PART_2013,38465.54
15,HI,SBP_PART_2014,37596.6679
15,HI,SBP_PART_2015,37812.7772
15,HI,SBP_PART_2016,36453.5539
15,HI,SBP_PART_2017,34765.7917
15,HI,SBP_PART_2018,32405.0102
15,HI,CACFP_PART_2012,10069
15,HI,CACFP_PART_2013,10122.5
15,HI,CACFP_PART_2014,10739
15,HI,CACFP_PART_2015,11390.75
15,HI,CACFP_PART_2016,11172.75
15,HI,CACFP_PART_2017,10932.25
15,HI,CACFP_PART_2018,10626
15,HI,SFSP_PART_2012,5134
15,HI,SFSP_PART_2013,5324
15,HI,SFSP_PART_2014,6010
15,HI,SFSP_PART_2015,5860
15,HI,SFSP_PART_2016,5544
15,HI,SFSP_PART_2017,6350
15,HI,SFSP_PART_2018,6482
15,HI,State_Population_2012,1394905
15,HI,State_Population_2013,1408453
15,HI,State_Population_2014,1414862
15,HI,State_Population_2015,1422484
15,HI,State_Population_2016,1428105
15,HI,State_Population_2017,1424203
15,HI,State_Population_2018,1420491
16,ID,WIC_PART_2012,43751.25
16,ID,WIC_PART_2013,43291.6667
16,ID,WIC_PART_2014,41423.4167
16,ID,WIC_PART_2015,40506.4167
16,ID,WIC_PART_2016,39009.9167
16,ID,WIC_PART_2017,36526.0833
16,ID,WIC_PART_2018,33716.5833
16,ID,NSLP_PART_2012,170127.1725
16,ID,NSLP_PART_2013,160189.0207
16,ID,NSLP_PART_2014,158273.8823
16,ID,NSLP_PART_2015,157015.5819
16,ID,NSLP_PART_2016,157148.7475
16,ID,NSLP_PART_2017,155249.191
16,ID,NSLP_PART_2018,151937.1929
16,ID,SBP_PART_2012,77706.2208
16,ID,SBP_PART_2013,75367.9732
16,ID,SBP_PART_2014,76040.2733
16,ID,SBP_PART_2015,77464.7009
16,ID,SBP_PART_2016,80394.5823
16,ID,SBP_PART_2017,78542.0113
16,ID,SBP_PART_2018,75085.2211
16,ID,CACFP_PART_2012,8546
16,ID,CACFP_PART_2013,10694.25
16,ID,CACFP_PART_2014,11342.75
16,ID,CACFP_PART_2015,11666.75
16,ID,CACFP_PART_2016,12050.75
16,ID,CACFP_PART_2017,12157
16,ID,CACFP_PART_2018,11991.75
16,ID,SFSP_PART_2012,21114
16,ID,SFSP_PART_2013,20959
16,ID,SFSP_PART_2014,26932
16,ID,SFSP_PART_2015,19775
16,ID,SFSP_PART_2016,18989
16,ID,SFSP_PART_2017,21325
16,ID,SFSP_PART_2018,20392
16,ID,State_Population_2012,1595441
16,ID,State_Population_2013,1611530
16,ID,State_Population_2014,1631479
16,ID,State_Population_2015,1651523
16,ID,State_Population_2016,1682930
16,ID,State_Population_2017,1718904
16,ID,State_Population_2018,1754208
17,IL,WIC_PART_2012,288939.1667
17,IL,WIC_PART_2013,280463.25
17,IL,WIC_PART_2014,265922.75
17,IL,WIC_PART_2015,247593.9167
17,IL,WIC_PART_2016,225158.5
17,IL,WIC_PART_2017,211367.0833
17,IL,WIC_PART_2018,199360.25
17,IL,NSLP_PART_2012,1142443.246
17,IL,NSLP_PART_2013,1124196.452
17,IL,NSLP_PART_2014,1124755.963
17,IL,NSLP_PART_2015,1108555.436
17,IL,NSLP_PART_2016,1084030.445
17,IL,NSLP_PART_2017,1059265.972
17,IL,NSLP_PART_2018,1044212.993
17,IL,SBP_PART_2012,395044.7081
17,IL,SBP_PART_2013,416090.7348
17,IL,SBP_PART_2014,419947.1413
17,IL,SBP_PART_2015,423306.3646
17,IL,SBP_PART_2016,431275.3206
17,IL,SBP_PART_2017,424740.0216
17,IL,SBP_PART_2018,439344.4804
17,IL,CACFP_PART_2012,127321
17,IL,CACFP_PART_2013,129334.75
17,IL,CACFP_PART_2014,133867.5
17,IL,CACFP_PART_2015,141448.5
17,IL,CACFP_PART_2016,142879
17,IL,CACFP_PART_2017,140115.75
17,IL,CACFP_PART_2018,139955.75
17,IL,SFSP_PART_2012,55586
17,IL,SFSP_PART_2013,54067
17,IL,SFSP_PART_2014,69897
17,IL,SFSP_PART_2015,70835
17,IL,SFSP_PART_2016,57945
17,IL,SFSP_PART_2017,96032
17,IL,SFSP_PART_2018,91102
17,IL,State_Population_2012,12884119
17,IL,State_Population_2013,12898269
17,IL,State_Population_2014,12888962
17,IL,State_Population_2015,12864342
17,IL,State_Population_2016,12826895
17,IL,State_Population_2017,12786196
17,IL,State_Population_2018,12741080
18,IN,WIC_PART_2012,164280.5833
18,IN,WIC_PART_2013,159524.5833
18,IN,WIC_PART_2014,155323.0833
18,IN,WIC_PART_2015,154484.5
18,IN,WIC_PART_2016,147905.5833
18,IN,WIC_PART_2017,143974.5
18,IN,WIC_PART_2018,143730.4167
18,IN,NSLP_PART_2012,801375.7641
18,IN,NSLP_PART_2013,781172.4799
18,IN,NSLP_PART_2014,774692.7964
18,IN,NSLP_PART_2015,768261.6565
18,IN,NSLP_PART_2016,754994.846
18,IN,NSLP_PART_2017,743330.8163
18,IN,NSLP_PART_2018,734632.8659
18,IN,SBP_PART_2012,256201.8458
18,IN,SBP_PART_2013,259035.9583
18,IN,SBP_PART_2014,260520.676
18,IN,SBP_PART_2015,272047.2252
18,IN,SBP_PART_2016,280446.3622
18,IN,SBP_PART_2017,283075.1528
18,IN,SBP_PART_2018,283659.2353
18,IN,CACFP_PART_2012,71208.5
18,IN,CACFP_PART_2013,79035.25
18,IN,CACFP_PART_2014,71834.5
18,IN,CACFP_PART_2015,81678
18,IN,CACFP_PART_2016,86470.25
18,IN,CACFP_PART_2017,93762.5
18,IN,CACFP_PART_2018,94214
18,IN,SFSP_PART_2012,54466
18,IN,SFSP_PART_2013,58664
18,IN,SFSP_PART_2014,66164
18,IN,SFSP_PART_2015,64068
18,IN,SFSP_PART_2016,55841
18,IN,SFSP_PART_2017,55778
18,IN,SFSP_PART_2018,51645
18,IN,State_Population_2012,6537640
18,IN,State_Population_2013,6568367
18,IN,State_Population_2014,6593533
18,IN,State_Population_2015,6608296
18,IN,State_Population_2016,6633344
18,IN,State_Population_2017,6660082
18,IN,State_Population_2018,6691878
19,IA,WIC_PART_2012,69158.9167
19,IA,WIC_PART_2013,65875.9167
19,IA,WIC_PART_2014,63766.6667
19,IA,WIC_PART_2015,63481.25
19,IA,WIC_PART_2016,61163.4167
19,IA,WIC_PART_2017,61995.9167
19,IA,WIC_PART_2018,60249.25
19,IA,NSLP_PART_2012,395599.7842
19,IA,NSLP_PART_2013,384195.0138
19,IA,NSLP_PART_2014,383565.3842
19,IA,NSLP_PART_2015,381698.5497
19,IA,NSLP_PART_2016,381877.2624
19,IA,NSLP_PART_2017,377927.3643
19,IA,NSLP_PART_2018,373033.561
19,IA,SBP_PART_2012,93107.5153
19,IA,SBP_PART_2013,94780.7743
19,IA,SBP_PART_2014,93851.732
19,IA,SBP_PART_2015,98260.338
19,IA,SBP_PART_2016,103663.1907
19,IA,SBP_PART_2017,103257.9408
19,IA,SBP_PART_2018,102432.6981
19,IA,CACFP_PART_2012,38915.75
19,IA,CACFP_PART_2013,38978.25
19,IA,CACFP_PART_2014,39403
19,IA,CACFP_PART_2015,44129.75
19,IA,CACFP_PART_2016,43173.5
19,IA,CACFP_PART_2017,43434.25
19,IA,CACFP_PART_2018,42862
19,IA,SFSP_PART_2012,11109
19,IA,SFSP_PART_2013,13607
19,IA,SFSP_PART_2014,16016
19,IA,SFSP_PART_2015,16703
19,IA,SFSP_PART_2016,18296
19,IA,SFSP_PART_2017,18475
19,IA,SFSP_PART_2018,21739
19,IA,State_Population_2012,3076097
19,IA,State_Population_2013,3093078
19,IA,State_Population_2014,3109504
19,IA,State_Population_2015,3121460
19,IA,State_Population_2016,3131785
19,IA,State_Population_2017,3143637
19,IA,State_Population_2018,3156145
20,KS,WIC_PART_2012,74761.0833
20,KS,WIC_PART_2013,70614.75
20,KS,WIC_PART_2014,65698.5
20,KS,WIC_PART_2015,62849.5833
20,KS,WIC_PART_2016,58954.75
20,KS,WIC_PART_2017,54135.3333
20,KS,WIC_PART_2018,50680.6667
20,KS,NSLP_PART_2012,361686.0841
20,KS,NSLP_PART_2013,348151.744
20,KS,NSLP_PART_2014,346298.3339
20,KS,NSLP_PART_2015,345398.0583
20,KS,NSLP_PART_2016,342539.7339
20,KS,NSLP_PART_2017,338077.3103
20,KS,NSLP_PART_2018,333287.1869
20,KS,SBP_PART_2012,107458.588
20,KS,SBP_PART_2013,111453.1943
20,KS,SBP_PART_2014,113861.9202
20,KS,SBP_PART_2015,115826.9208
20,KS,SBP_PART_2016,119168.7642
20,KS,SBP_PART_2017,120177.0346
20,KS,SBP_PART_2018,118836.6295
20,KS,CACFP_PART_2012,49973.25
20,KS,CACFP_PART_2013,47873.5
20,KS,CACFP_PART_2014,49258.5
20,KS,CACFP_PART_2015,49897.5
20,KS,CACFP_PART_2016,49185.75
20,KS,CACFP_PART_2017,47664.5
20,KS,CACFP_PART_2018,48456
20,KS,SFSP_PART_2012,20026
20,KS,SFSP_PART_2013,25237
20,KS,SFSP_PART_2014,25597
20,KS,SFSP_PART_2015,28280
20,KS,SFSP_PART_2016,29882
20,KS,SFSP_PART_2017,28251
20,KS,SFSP_PART_2018,29200
20,KS,State_Population_2012,2885361
20,KS,State_Population_2013,2893510
20,KS,State_Population_2014,2900896
20,KS,State_Population_2015,2909502
20,KS,State_Population_2016,2911263
20,KS,State_Population_2017,2910689
20,KS,State_Population_2018,2911505
21,KY,WIC_PART_2012,132698.0833
21,KY,WIC_PART_2013,129923.3333
21,KY,WIC_PART_2014,121681.6667
21,KY,WIC_PART_2015,116178.9167
21,KY,WIC_PART_2016,111926.0833
21,KY,WIC_PART_2017,107884.6667
21,KY,WIC_PART_2018,101743
21,KY,NSLP_PART_2012,549533.7409
21,KY,NSLP_PART_2013,532791.3221
21,KY,NSLP_PART_2014,529400.5753
21,KY,NSLP_PART_2015,525265.7317
21,KY,NSLP_PART_2016,528663.3106
21,KY,NSLP_PART_2017,525318.7103
21,KY,NSLP_PART_2018,515845.4992
21,KY,SBP_PART_2012,269770.9457
21,KY,SBP_PART_2013,276997.0035
21,KY,SBP_PART_2014,278707.4194
21,KY,SBP_PART_2015,283064.9646
21,KY,SBP_PART_2016,303016.1812
21,KY,SBP_PART_2017,311921.4911
21,KY,SBP_PART_2018,317906.3886
21,KY,CACFP_PART_2012,47689
21,KY,CACFP_PART_2013,52231.5
21,KY,CACFP_PART_2014,55599.25
21,KY,CACFP_PART_2015,56812
21,KY,CACFP_PART_2016,63473.25
21,KY,CACFP_PART_2017,65950.5
21,KY,CACFP_PART_2018,72215.5
21,KY,SFSP_PART_2012,33091
21,KY,SFSP_PART_2013,20189
21,KY,SFSP_PART_2014,33222
21,KY,SFSP_PART_2015,33013
21,KY,SFSP_PART_2016,41667
21,KY,SFSP_PART_2017,69912
21,KY,SFSP_PART_2018,80847
21,KY,State_Population_2012,4386381
21,KY,State_Population_2013,4404817
21,KY,State_Population_2014,4414483
21,KY,State_Population_2015,4425999
21,KY,State_Population_2016,4438229
21,KY,State_Population_2017,4453874
21,KY,State_Population_2018,4468402
22,LA,WIC_PART_2012,145346.1667
22,LA,WIC_PART_2013,139856
22,LA,WIC_PART_2014,130398.5833
22,LA,WIC_PART_2015,128935
22,LA,WIC_PART_2016,127387.4167
22,LA,WIC_PART_2017,119746.5833
22,LA,WIC_PART_2018,112362.25
22,LA,NSLP_PART_2012,588505.0941
22,LA,NSLP_PART_2013,565262.0161
22,LA,NSLP_PART_2014,554244.0369
22,LA,NSLP_PART_2015,548567.3019
22,LA,NSLP_PART_2016,548135.5627
22,LA,NSLP_PART_2017,550544.0489
22,LA,NSLP_PART_2018,548065.2044
22,LA,SBP_PART_2012,267441.5678
22,LA,SBP_PART_2013,265627.7119
22,LA,SBP_PART_2014,264460.7455
22,LA,SBP_PART_2015,267794.4384
22,LA,SBP_PART_2016,275216.5887
22,LA,SBP_PART_2017,283968.5964
22,LA,SBP_PART_2018,290695.1936
22,LA,CACFP_PART_2012,63843
22,LA,CACFP_PART_2013,64583
22,LA,CACFP_PART_2014,91941
22,LA,CACFP_PART_2015,104558.75
22,LA,CACFP_PART_2016,96562.75
22,LA,CACFP_PART_2017,93672.25
22,LA,CACFP_PART_2018,92375.5
22,LA,SFSP_PART_2012,32216
22,LA,SFSP_PART_2013,40912
22,LA,SFSP_PART_2014,39824
22,LA,SFSP_PART_2015,36126
22,LA,SFSP_PART_2016,32641
22,LA,SFSP_PART_2017,28429
22,LA,SFSP_PART_2018,25360
22,LA,State_Population_2012,4600814
22,LA,State_Population_2013,4624577
22,LA,State_Population_2014,4644204
22,LA,State_Population_2015,4664851
22,LA,State_Population_2016,4678215
22,LA,State_Population_2017,4670818
22,LA,State_Population_2018,4659978
23,ME,WIC_PART_2012,25690.0833
23,ME,WIC_PART_2013,24380.0833
23,ME,WIC_PART_2014,22946.5
23,ME,WIC_PART_2015,21780.8334
23,ME,WIC_PART_2016,20805.6666
23,ME,WIC_PART_2017,19363.8334
23,ME,WIC_PART_2018,18320
23,ME,NSLP_PART_2012,107179.312
23,ME,NSLP_PART_2013,100839.2665
23,ME,NSLP_PART_2014,99412.3217
23,ME,NSLP_PART_2015,100272.3241
23,ME,NSLP_PART_2016,99421.551
23,ME,NSLP_PART_2017,97730.4327
23,ME,NSLP_PART_2018,96194.7741
23,ME,SBP_PART_2012,44366.2951
23,ME,SBP_PART_2013,44986.3358
23,ME,SBP_PART_2014,47006.5924
23,ME,SBP_PART_2015,48563.9458
23,ME,SBP_PART_2016,50073.4748
23,ME,SBP_PART_2017,50072.7556
23,ME,SBP_PART_2018,50399.6164
23,ME,CACFP_PART_2012,11089
23,ME,CACFP_PART_2013,10647.75
23,ME,CACFP_PART_2014,10533
23,ME,CACFP_PART_2015,11099.5
23,ME,CACFP_PART_2016,11034.75
23,ME,CACFP_PART_2017,10268.5
23,ME,CACFP_PART_2018,10974.75
23,ME,SFSP_PART_2012,9169
23,ME,SFSP_PART_2013,10553
23,ME,SFSP_PART_2014,11756
23,ME,SFSP_PART_2015,13327
23,ME,SFSP_PART_2016,14057
23,ME,SFSP_PART_2017,15298
23,ME,SFSP_PART_2018,15036
23,ME,State_Population_2012,1327691
23,ME,State_Population_2013,1328196
23,ME,State_Population_2014,1330760
23,ME,State_Population_2015,1328484
23,ME,State_Population_2016,1331370
23,ME,State_Population_2017,1335063
23,ME,State_Population_2018,1338404
24,MD,WIC_PART_2012,146272
24,MD,WIC_PART_2013,144627.5
24,MD,WIC_PART_2014,140466.5
24,MD,WIC_PART_2015,142841
24,MD,WIC_PART_2016,139575.9167
24,MD,WIC_PART_2017,132842.5
24,MD,WIC_PART_2018,128541.8333
24,MD,NSLP_PART_2012,434140.4771
24,MD,NSLP_PART_2013,422745.655
24,MD,NSLP_PART_2014,423559.6308
24,MD,NSLP_PART_2015,434524.8711
24,MD,NSLP_PART_2016,446282.752
24,MD,NSLP_PART_2017,445432.9378
24,MD,NSLP_PART_2018,443270.0467
24,MD,SBP_PART_2012,191428.6228
24,MD,SBP_PART_2013,211676.3754
24,MD,SBP_PART_2014,236000.5993
24,MD,SBP_PART_2015,264718.087
24,MD,SBP_PART_2016,277328.7786
24,MD,SBP_PART_2017,271669.6632
24,MD,SBP_PART_2018,265042.6705
24,MD,CACFP_PART_2012,57084.5
24,MD,CACFP_PART_2013,64499.5
24,MD,CACFP_PART_2014,78427
24,MD,CACFP_PART_2015,95690.25
24,MD,CACFP_PART_2016,102313.75
24,MD,CACFP_PART_2017,95850.75
24,MD,CACFP_PART_2018,84803.5
24,MD,SFSP_PART_2012,57720
24,MD,SFSP_PART_2013,73830
24,MD,SFSP_PART_2014,65483
24,MD,SFSP_PART_2015,70273
24,MD,SFSP_PART_2016,73858
24,MD,SFSP_PART_2017,68087
24,MD,SFSP_PART_2018,68468
24,MD,State_Population_2012,5887072
24,MD,State_Population_2013,5923704
24,MD,State_Population_2014,5958165
24,MD,State_Population_2015,5986717
24,MD,State_Population_2016,6004692
24,MD,State_Population_2017,6024891
24,MD,State_Population_2018,6042718
25,MA,WIC_PART_2012,122567.8333
25,MA,WIC_PART_2013,119952.4167
25,MA,WIC_PART_2014,115110.25
25,MA,WIC_PART_2015,113261.8333
25,MA,WIC_PART_2016,114418.5833
25,MA,WIC_PART_2017,112763.4167
25,MA,WIC_PART_2018,108592.9167
25,MA,NSLP_PART_2012,534456.4305
25,MA,NSLP_PART_2013,514436.4138
25,MA,NSLP_PART_2014,515505.8132
25,MA,NSLP_PART_2015,528262.0161
25,MA,NSLP_PART_2016,531646.8896
25,MA,NSLP_PART_2017,529821.8866
25,MA,NSLP_PART_2018,527936.8333
25,MA,SBP_PART_2012,149885.1732
25,MA,SBP_PART_2013,151474.17
25,MA,SBP_PART_2014,158633.8248
25,MA,SBP_PART_2015,175493.108
25,MA,SBP_PART_2016,192888.5293
25,MA,SBP_PART_2017,204474.6494
25,MA,SBP_PART_2018,210410.8834
25,MA,CACFP_PART_2012,63770.75
25,MA,CACFP_PART_2013,66777
25,MA,CACFP_PART_2014,69977.75
25,MA,CACFP_PART_2015,75134
25,MA,CACFP_PART_2016,84011.25
25,MA,CACFP_PART_2017,83085.75
25,MA,CACFP_PART_2018,81739.25
25,MA,SFSP_PART_2012,48764
25,MA,SFSP_PART_2013,46751
25,MA,SFSP_PART_2014,49027
25,MA,SFSP_PART_2015,59617
25,MA,SFSP_PART_2016,59753
25,MA,SFSP_PART_2017,58161
25,MA,SFSP_PART_2018,57134
25,MA,State_Population_2012,6663158
25,MA,State_Population_2013,6713944
25,MA,State_Population_2014,6763652
25,MA,State_Population_2015,6795891
25,MA,State_Population_2016,6826022
25,MA,State_Population_2017,6863246
25,MA,State_Population_2018,6902149
26,MI,WIC_PART_2012,255954.4167
26,MI,WIC_PART_2013,254125.5833
26,MI,WIC_PART_2014,251716.4167
26,MI,WIC_PART_2015,244829.1667
26,MI,WIC_PART_2016,234546
26,MI,WIC_PART_2017,224105.5833
26,MI,WIC_PART_2018,213963.5
26,MI,NSLP_PART_2012,907683.9267
26,MI,NSLP_PART_2013,874097.5668
26,MI,NSLP_PART_2014,860197.2911
26,MI,NSLP_PART_2015,842733.9087
26,MI,NSLP_PART_2016,823888.0499
26,MI,NSLP_PART_2017,801891.0464
26,MI,NSLP_PART_2018,793468.6564
26,MI,SBP_PART_2012,379452.2354
26,MI,SBP_PART_2013,381515.522
26,MI,SBP_PART_2014,388782.0928
26,MI,SBP_PART_2015,399349.6344
26,MI,SBP_PART_2016,404077.4302
26,MI,SBP_PART_2017,402252.0676
26,MI,SBP_PART_2018,399205.4417
26,MI,CACFP_PART_2012,82241.25
26,MI,CACFP_PART_2013,79845.75
26,MI,CACFP_PART_2014,88592.75
26,MI,CACFP_PART_2015,95673.75
26,MI,CACFP_PART_2016,100775
26,MI,CACFP_PART_2017,96980.25
26,MI,CACFP_PART_2018,96469.75
26,MI,SFSP_PART_2012,73133
26,MI,SFSP_PART_2013,76198
26,MI,SFSP_PART_2014,82035
26,MI,SFSP_PART_2015,91011
26,MI,SFSP_PART_2016,84420
26,MI,SFSP_PART_2017,89963
26,MI,SFSP_PART_2018,87213
26,MI,State_Population_2012,9896930
26,MI,State_Population_2013,9913349
26,MI,State_Population_2014,9930589
26,MI,State_Population_2015,9932573
26,MI,State_Population_2016,9951890
26,MI,State_Population_2017,9976447
26,MI,State_Population_2018,9995915
27,MN,WIC_PART_2012,128435.9167
27,MN,WIC_PART_2013,124744.5
27,MN,WIC_PART_2014,121755.0833
27,MN,WIC_PART_2015,119402.75
27,MN,WIC_PART_2016,116031.25
27,MN,WIC_PART_2017,111121.1667
27,MN,WIC_PART_2018,105961.4167
27,MN,NSLP_PART_2012,627404.5307
27,MN,NSLP_PART_2013,608866.7146
27,MN,NSLP_PART_2014,610476.0877
27,MN,NSLP_PART_2015,613987.2947
27,MN,NSLP_PART_2016,616256.6223
27,MN,NSLP_PART_2017,613845.8588
27,MN,NSLP_PART_2018,610080.9061
27,MN,SBP_PART_2012,179212.034
27,MN,SBP_PART_2013,181890.8067
27,MN,SBP_PART_2014,190673.8583
27,MN,SBP_PART_2015,214844.6602
27,MN,SBP_PART_2016,225106.0769
27,MN,SBP_PART_2017,233297.8545
27,MN,SBP_PART_2018,237726.717
27,MN,CACFP_PART_2012,94046.25
27,MN,CACFP_PART_2013,90492.25
27,MN,CACFP_PART_2014,89154.5
27,MN,CACFP_PART_2015,93570.25
27,MN,CACFP_PART_2016,90896.25
27,MN,CACFP_PART_2017,92836
27,MN,CACFP_PART_2018,98977.75
27,MN,SFSP_PART_2012,45958
27,MN,SFSP_PART_2013,45966
27,MN,SFSP_PART_2014,50238
27,MN,SFSP_PART_2015,52801
27,MN,SFSP_PART_2016,54869
27,MN,SFSP_PART_2017,60312
27,MN,SFSP_PART_2018,61576
27,MN,State_Population_2012,5376550
27,MN,State_Population_2013,5413693
27,MN,State_Population_2014,5451522
27,MN,State_Population_2015,5482503
27,MN,State_Population_2016,5523409
27,MN,State_Population_2017,5568155
27,MN,State_Population_2018,5611179
28,MS,WIC_PART_2012,94772.75
28,MS,WIC_PART_2013,91651.5
28,MS,WIC_PART_2014,87972.5833
28,MS,WIC_PART_2015,89449.1667
28,MS,WIC_PART_2016,84866.75
28,MS,WIC_PART_2017,83857.25
28,MS,WIC_PART_2018,85448.5
28,MS,NSLP_PART_2012,398653.7217
28,MS,NSLP_PART_2013,391574.134
28,MS,NSLP_PART_2014,389497.0634
28,MS,NSLP_PART_2015,384627.592
28,MS,NSLP_PART_2016,381641.6157
28,MS,NSLP_PART_2017,371355.0282
28,MS,NSLP_PART_2018,361804.267
28,MS,SBP_PART_2012,207859.0435
28,MS,SBP_PART_2013,207305.0461
28,MS,SBP_PART_2014,206865.3961
28,MS,SBP_PART_2015,203930.7204
28,MS,SBP_PART_2016,205114.5871
28,MS,SBP_PART_2017,203723.6006
28,MS,SBP_PART_2018,200118.7822
28,MS,CACFP_PART_2012,41387.25
28,MS,CACFP_PART_2013,41517.25
28,MS,CACFP_PART_2014,41950.75
28,MS,CACFP_PART_2015,43351.5
28,MS,CACFP_PART_2016,43433.75
28,MS,CACFP_PART_2017,50680.25
28,MS,CACFP_PART_2018,51052.25
28,MS,SFSP_PART_2012,28027
28,MS,SFSP_PART_2013,26916
28,MS,SFSP_PART_2014,34215
28,MS,SFSP_PART_2015,36528
28,MS,SFSP_PART_2016,35412
28,MS,SFSP_PART_2017,38529
28,MS,SFSP_PART_2018,45250
28,MS,State_Population_2012,2983767
28,MS,State_Population_2013,2988797
28,MS,State_Population_2014,2990623
28,MS,State_Population_2015,2988693
28,MS,State_Population_2016,2988298
28,MS,State_Population_2017,2989663
28,MS,State_Population_2018,2986530
29,MO,WIC_PART_2012,145899.8333
29,MO,WIC_PART_2013,140820.75
29,MO,WIC_PART_2014,138656.75
29,MO,WIC_PART_2015,134780.3333
29,MO,WIC_PART_2016,127551
29,MO,WIC_PART_2017,119620.0833
29,MO,WIC_PART_2018,114322.75
29,MO,NSLP_PART_2012,638942.9462
29,MO,NSLP_PART_2013,610369.7711
29,MO,NSLP_PART_2014,604483.7588
29,MO,NSLP_PART_2015,603692.6765
29,MO,NSLP_PART_2016,598665.3482
29,MO,NSLP_PART_2017,586909.3851
29,MO,NSLP_PART_2018,578289.5841
29,MO,SBP_PART_2012,257270.8858
29,MO,SBP_PART_2013,263351.5522
29,MO,SBP_PART_2014,271368.5725
29,MO,SBP_PART_2015,280750.3296
29,MO,SBP_PART_2016,288215.2703
29,MO,SBP_PART_2017,283779.336
29,MO,SBP_PART_2018,288907.3475
29,MO,CACFP_PART_2012,68460.5
29,MO,CACFP_PART_2013,67817
29,MO,CACFP_PART_2014,65766.5
29,MO,CACFP_PART_2015,66864.75
29,MO,CACFP_PART_2016,70137.75
29,MO,CACFP_PART_2017,72503.75
29,MO,CACFP_PART_2018,82986.25
29,MO,SFSP_PART_2012,27147
29,MO,SFSP_PART_2013,27008
29,MO,SFSP_PART_2014,39540
29,MO,SFSP_PART_2015,40411
29,MO,SFSP_PART_2016,38828
29,MO,SFSP_PART_2017,44018
29,MO,SFSP_PART_2018,39653
29,MO,State_Population_2012,6024081
29,MO,State_Population_2013,6040658
29,MO,State_Population_2014,6056293
29,MO,State_Population_2015,6071745
29,MO,State_Population_2016,6087203
29,MO,State_Population_2017,6108612
29,MO,State_Population_2018,6126452
30,MT,WIC_PART_2012,20457.4167
30,MT,WIC_PART_2013,19848.4167
30,MT,WIC_PART_2014,19227.1667
30,MT,WIC_PART_2015,18475.5833
30,MT,WIC_PART_2016,18295.5
30,MT,WIC_PART_2017,17444.5833
30,MT,WIC_PART_2018,16681.9167
30,MT,NSLP_PART_2012,86704.7825
30,MT,NSLP_PART_2013,84069.2796
30,MT,NSLP_PART_2014,83247.9923
30,MT,NSLP_PART_2015,81871.7488
30,MT,NSLP_PART_2016,82746.6139
30,MT,NSLP_PART_2017,82174.997
30,MT,NSLP_PART_2018,80856.4066
30,MT,SBP_PART_2012,28133.8847
30,MT,SBP_PART_2013,28155.3398
30,MT,SBP_PART_2014,28944.1448
30,MT,SBP_PART_2015,31311.0392
30,MT,SBP_PART_2016,32760.7575
30,MT,SBP_PART_2017,34182.4284
30,MT,SBP_PART_2018,38370.8498
30,MT,CACFP_PART_2012,13511
30,MT,CACFP_PART_2013,13373.25
30,MT,CACFP_PART_2014,13246
30,MT,CACFP_PART_2015,13787.75
30,MT,CACFP_PART_2016,13344.5
30,MT,CACFP_PART_2017,13733
30,MT,CACFP_PART_2018,13227.25
30,MT,SFSP_PART_2012,6663
30,MT,SFSP_PART_2013,7615
30,MT,SFSP_PART_2014,9232
30,MT,SFSP_PART_2015,9037
30,MT,SFSP_PART_2016,9920
30,MT,SFSP_PART_2017,9323
30,MT,SFSP_PART_2018,12645
30,MT,State_Population_2012,1003754
30,MT,State_Population_2013,1013564
30,MT,State_Population_2014,1021891
30,MT,State_Population_2015,1030503
30,MT,State_Population_2016,1040863
30,MT,State_Population_2017,1053090
30,MT,State_Population_2018,1062305
31,NE,WIC_PART_2012,42726.9167
31,NE,WIC_PART_2013,40151.25
31,NE,WIC_PART_2014,39211.0833
31,NE,WIC_PART_2015,37600.8334
31,NE,WIC_PART_2016,38124.5
31,NE,WIC_PART_2017,37440.3333
31,NE,WIC_PART_2018,35833.1666
31,NE,NSLP_PART_2012,251186.0242
31,NE,NSLP_PART_2013,243119.861
31,NE,NSLP_PART_2014,242273.1631
31,NE,NSLP_PART_2015,241037.037
31,NE,NSLP_PART_2016,242254.345
31,NE,NSLP_PART_2017,242851.732
31,NE,NSLP_PART_2018,244088.6971
31,NE,SBP_PART_2012,66640.6568
31,NE,SBP_PART_2013,66556.2747
31,NE,SBP_PART_2014,68913.2207
31,NE,SBP_PART_2015,70327.2204
31,NE,SBP_PART_2016,75386.9112
31,NE,SBP_PART_2017,77355.7473
31,NE,SBP_PART_2018,80334.1724
31,NE,CACFP_PART_2012,44632.5
31,NE,CACFP_PART_2013,45304.5
31,NE,CACFP_PART_2014,45392
31,NE,CACFP_PART_2015,44737
31,NE,CACFP_PART_2016,43423.75
31,NE,CACFP_PART_2017,42807.5
31,NE,CACFP_PART_2018,40717.5
31,NE,SFSP_PART_2012,9836
31,NE,SFSP_PART_2013,9879
31,NE,SFSP_PART_2014,9635
31,NE,SFSP_PART_2015,12177
31,NE,SFSP_PART_2016,8851
31,NE,SFSP_PART_2017,10168
31,NE,SFSP_PART_2018,10376
31,NE,State_Population_2012,1853323
31,NE,State_Population_2013,1865414
31,NE,State_Population_2014,1879522
31,NE,State_Population_2015,1891507
31,NE,State_Population_2016,1905924
31,NE,State_Population_2017,1917575
31,NE,State_Population_2018,1929268
32,NV,WIC_PART_2012,76108.25
32,NV,WIC_PART_2013,75011.25
32,NV,WIC_PART_2014,74262
32,NV,WIC_PART_2015,73143.5834
32,NV,WIC_PART_2016,70466.5833
32,NV,WIC_PART_2017,66624.8333
32,NV,WIC_PART_2018,62531.25
32,NV,NSLP_PART_2012,218552.3193
32,NV,NSLP_PART_2013,215820.8079
32,NV,NSLP_PART_2014,212395.1816
32,NV,NSLP_PART_2015,216392.0652
32,NV,NSLP_PART_2016,222217.9072
32,NV,NSLP_PART_2017,224528.3471
32,NV,NSLP_PART_2018,227932.758
32,NV,SBP_PART_2012,87212.6333
32,NV,SBP_PART_2013,92738.4634
32,NV,SBP_PART_2014,90757.5213
32,NV,SBP_PART_2015,93943.7852
32,NV,SBP_PART_2016,121311.2789
32,NV,SBP_PART_2017,139251.2286
32,NV,SBP_PART_2018,135805.3458
32,NV,CACFP_PART_2012,13841.5
32,NV,CACFP_PART_2013,14491.75
32,NV,CACFP_PART_2014,13544
32,NV,CACFP_PART_2015,16423.25
32,NV,CACFP_PART_2016,17042
32,NV,CACFP_PART_2017,27621.25
32,NV,CACFP_PART_2018,24693
32,NV,SFSP_PART_2012,6865
32,NV,SFSP_PART_2013,9716
32,NV,SFSP_PART_2014,12322
32,NV,SFSP_PART_2015,11966
32,NV,SFSP_PART_2016,11840
32,NV,SFSP_PART_2017,8309
32,NV,SFSP_PART_2018,8524
32,NV,State_Population_2012,2744566
32,NV,State_Population_2013,2776972
32,NV,State_Population_2014,2819012
32,NV,State_Population_2015,2868666
32,NV,State_Population_2016,2919772
32,NV,State_Population_2017,2972405
32,NV,State_Population_2018,3034392
33,NH,WIC_PART_2012,16299.3333
33,NH,WIC_PART_2013,15679.0833
33,NH,WIC_PART_2014,14735.9167
33,NH,WIC_PART_2015,14704.5
33,NH,WIC_PART_2016,14121.4167
33,NH,WIC_PART_2017,13063.9167
33,NH,WIC_PART_2018,12331.5833
33,NH,NSLP_PART_2012,104545.9667
33,NH,NSLP_PART_2013,97395.7809
33,NH,NSLP_PART_2014,91812.058
33,NH,NSLP_PART_2015,88737.1449
33,NH,NSLP_PART_2016,85946.4222
33,NH,NSLP_PART_2017,83276.0398
33,NH,NSLP_PART_2018,80656.2388
33,NH,SBP_PART_2012,24251.4683
33,NH,SBP_PART_2013,22496.9435
33,NH,SBP_PART_2014,22111.7104
33,NH,SBP_PART_2015,20577.0107
33,NH,SBP_PART_2016,21661.2729
33,NH,SBP_PART_2017,21051.8998
33,NH,SBP_PART_2018,21702.1455
33,NH,CACFP_PART_2012,7979
33,NH,CACFP_PART_2013,8689.25
33,NH,CACFP_PART_2014,9271.5
33,NH,CACFP_PART_2015,9103.75
33,NH,CACFP_PART_2016,9269.25
33,NH,CACFP_PART_2017,10526
33,NH,CACFP_PART_2018,10771.25
33,NH,SFSP_PART_2012,4948
33,NH,SFSP_PART_2013,14659
33,NH,SFSP_PART_2014,16434
33,NH,SFSP_PART_2015,15304
33,NH,SFSP_PART_2016,15203
33,NH,SFSP_PART_2017,13567
33,NH,SFSP_PART_2018,12693
33,NH,State_Population_2012,1323962
33,NH,State_Population_2013,1326408
33,NH,State_Population_2014,1333223
33,NH,State_Population_2015,1336294
33,NH,State_Population_2016,1342373
33,NH,State_Population_2017,1349767
33,NH,State_Population_2018,1356458
34,NJ,WIC_PART_2012,172333.0833
34,NJ,WIC_PART_2013,167872.5
34,NJ,WIC_PART_2014,163049.1667
34,NJ,WIC_PART_2015,161664.4167
34,NJ,WIC_PART_2016,155285.3333
34,NJ,WIC_PART_2017,147937.0833
34,NJ,WIC_PART_2018,141567.5833
34,NJ,NSLP_PART_2012,729252.4272
34,NJ,NSLP_PART_2013,694174.997
34,NJ,NSLP_PART_2014,688987.7742
34,NJ,NSLP_PART_2015,695702.625
34,NJ,NSLP_PART_2016,695986.3359
34,NJ,NSLP_PART_2017,694110.5118
34,NJ,NSLP_PART_2018,689593.5515
34,NJ,SBP_PART_2012,218062.4476
34,NJ,SBP_PART_2013,242577.8497
34,NJ,SBP_PART_2014,273430.4207
34,NJ,SBP_PART_2015,302630.8282
34,NJ,SBP_PART_2016,322973.7505
34,NJ,SBP_PART_2017,326873.5467
34,NJ,SBP_PART_2018,324406.3287
34,NJ,CACFP_PART_2012,75913.25
34,NJ,CACFP_PART_2013,79690.25
34,NJ,CACFP_PART_2014,79311.75
34,NJ,CACFP_PART_2015,83352
34,NJ,CACFP_PART_2016,90222
34,NJ,CACFP_PART_2017,90993
34,NJ,CACFP_PART_2018,86513
34,NJ,SFSP_PART_2012,52652
34,NJ,SFSP_PART_2013,59505
34,NJ,SFSP_PART_2014,53096
34,NJ,SFSP_PART_2015,48516
34,NJ,SFSP_PART_2016,58308
34,NJ,SFSP_PART_2017,62069
34,NJ,SFSP_PART_2018,71684
34,NJ,State_Population_2012,8845483
34,NJ,State_Population_2013,8858362
34,NJ,State_Population_2014,8866780
34,NJ,State_Population_2015,8870869
34,NJ,State_Population_2016,8874516
34,NJ,State_Population_2017,8888543
34,NJ,State_Population_2018,8908520
35,NM,WIC_PART_2012,63843.6666
35,NM,WIC_PART_2013,61352
35,NM,WIC_PART_2014,58313.4166
35,NM,WIC_PART_2015,55234.0001
35,NM,WIC_PART_2016,51901.6667
35,NM,WIC_PART_2017,49974.9998
35,NM,WIC_PART_2018,46186.75
35,NM,NSLP_PART_2012,227862.5195
35,NM,NSLP_PART_2013,220186.9831
35,NM,NSLP_PART_2014,215567.0622
35,NM,NSLP_PART_2015,216777.6579
35,NM,NSLP_PART_2016,219436.8932
35,NM,NSLP_PART_2017,217323.6246
35,NM,NSLP_PART_2018,213969.6752
35,NM,SBP_PART_2012,150553.5179
35,NM,SBP_PART_2013,148155.2199
35,NM,SBP_PART_2014,149228.6947
35,NM,SBP_PART_2015,149737.2648
35,NM,SBP_PART_2016,155743.3777
35,NM,SBP_PART_2017,149960.0863
35,NM,SBP_PART_2018,147137.4805
35,NM,CACFP_PART_2012,36629.75
35,NM,CACFP_PART_2013,36381.5
35,NM,CACFP_PART_2014,34555.5
35,NM,CACFP_PART_2015,35608
35,NM,CACFP_PART_2016,36003.5
35,NM,CACFP_PART_2017,36330
35,NM,CACFP_PART_2018,35539.25
35,NM,SFSP_PART_2012,38463
35,NM,SFSP_PART_2013,22386
35,NM,SFSP_PART_2014,29302
35,NM,SFSP_PART_2015,29383
35,NM,SFSP_PART_2016,28415
35,NM,SFSP_PART_2017,25009
35,NM,SFSP_PART_2018,29633
35,NM,State_Population_2012,2087549
35,NM,State_Population_2013,2092792
35,NM,State_Population_2014,2090342
35,NM,State_Population_2015,2090211
35,NM,State_Population_2016,2092789
35,NM,State_Population_2017,2093395
35,NM,State_Population_2018,2095428
36,NY,WIC_PART_2012,524148.0833
36,NY,WIC_PART_2013,513298.6667
36,NY,WIC_PART_2014,485824.5
36,NY,WIC_PART_2015,471868.5834
36,NY,WIC_PART_2016,459101
36,NY,WIC_PART_2017,435382
36,NY,WIC_PART_2018,416172.5833
36,NY,NSLP_PART_2012,1796235.047
36,NY,NSLP_PART_2013,1723748.052
36,NY,NSLP_PART_2014,1697756.922
36,NY,NSLP_PART_2015,1698510.728
36,NY,NSLP_PART_2016,1679716.289
36,NY,NSLP_PART_2017,1663295.937
36,NY,NSLP_PART_2018,1680432.099
36,NY,SBP_PART_2012,644136.1621
36,NY,SBP_PART_2013,641178.2333
36,NY,SBP_PART_2014,660111.5906
36,NY,SBP_PART_2015,673331.5354
36,NY,SBP_PART_2016,724859.2832
36,NY,SBP_PART_2017,759449.7183
36,NY,SBP_PART_2018,772481.002
36,NY,CACFP_PART_2012,297400.25
36,NY,CACFP_PART_2013,295653
36,NY,CACFP_PART_2014,311604
36,NY,CACFP_PART_2015,325426.5
36,NY,CACFP_PART_2016,349885
36,NY,CACFP_PART_2017,311429.75
36,NY,CACFP_PART_2018,304387.5
36,NY,SFSP_PART_2012,369027
36,NY,SFSP_PART_2013,393066
36,NY,SFSP_PART_2014,460352
36,NY,SFSP_PART_2015,438926
36,NY,SFSP_PART_2016,416339
36,NY,SFSP_PART_2017,416749
36,NY,SFSP_PART_2018,422813
36,NY,State_Population_2012,19574549
36,NY,State_Population_2013,19628043
36,NY,State_Population_2014,19656330
36,NY,State_Population_2015,19661411
36,NY,State_Population_2016,19641589
36,NY,State_Population_2017,19590719
36,NY,State_Population_2018,19542209
37,NC,WIC_PART_2012,269334.6666
37,NC,WIC_PART_2013,264754.8333
37,NC,WIC_PART_2014,255671.75
37,NC,WIC_PART_2015,248859.75
37,NC,WIC_PART_2016,241287.9167
37,NC,WIC_PART_2017,230660.25
37,NC,WIC_PART_2018,221719
37,NC,NSLP_PART_2012,942745.4153
37,NC,NSLP_PART_2013,906460.386
37,NC,NSLP_PART_2014,889937.3127
37,NC,NSLP_PART_2015,903945.9427
37,NC,NSLP_PART_2016,892866.8345
37,NC,NSLP_PART_2017,866758.8398
37,NC,NSLP_PART_2018,851197.1713
37,NC,SBP_PART_2012,405295.2175
37,NC,SBP_PART_2013,419976.1477
37,NC,SBP_PART_2014,432595.2295
37,NC,SBP_PART_2015,455909.1454
37,NC,SBP_PART_2016,465466.7386
37,NC,SBP_PART_2017,464599.4247
37,NC,SBP_PART_2018,456288.9848
37,NC,CACFP_PART_2012,116996
37,NC,CACFP_PART_2013,115084
37,NC,CACFP_PART_2014,119813.5
37,NC,CACFP_PART_2015,124403.75
37,NC,CACFP_PART_2016,127954.5
37,NC,CACFP_PART_2017,127242.25
37,NC,CACFP_PART_2018,130174
37,NC,SFSP_PART_2012,92476
37,NC,SFSP_PART_2013,98255
37,NC,SFSP_PART_2014,109853
37,NC,SFSP_PART_2015,63390
37,NC,SFSP_PART_2016,68731
37,NC,SFSP_PART_2017,87982
37,NC,SFSP_PART_2018,90483
37,NC,State_Population_2012,9749123
37,NC,State_Population_2013,9843599
37,NC,State_Population_2014,9933944
37,NC,State_Population_2015,10033079
37,NC,State_Population_2016,10156679
37,NC,State_Population_2017,10270800
37,NC,State_Population_2018,10383620
38,ND,WIC_PART_2012,13661.4167
38,ND,WIC_PART_2013,13273.4167
38,ND,WIC_PART_2014,12814.0833
38,ND,WIC_PART_2015,12414.9167
38,ND,WIC_PART_2016,12884.1667
38,ND,WIC_PART_2017,12728.8333
38,ND,WIC_PART_2018,12312.5833
38,ND,NSLP_PART_2012,85078.1493
38,ND,NSLP_PART_2013,87065.2044
38,ND,NSLP_PART_2014,89194.4145
38,ND,NSLP_PART_2015,90355.0282
38,ND,NSLP_PART_2016,91373.7265
38,ND,NSLP_PART_2017,91949.6584
38,ND,NSLP_PART_2018,93070.9577
38,ND,SBP_PART_2012,23291.7416
38,ND,SBP_PART_2013,23805.1061
38,ND,SBP_PART_2014,23946.7817
38,ND,SBP_PART_2015,24947.7406
38,ND,SBP_PART_2016,26228.455
38,ND,SBP_PART_2017,26520.1966
38,ND,SBP_PART_2018,28014.2635
38,ND,CACFP_PART_2012,16240
38,ND,CACFP_PART_2013,16817.5
38,ND,CACFP_PART_2014,16921.25
38,ND,CACFP_PART_2015,17744.25
38,ND,CACFP_PART_2016,17810
38,ND,CACFP_PART_2017,17317.75
38,ND,CACFP_PART_2018,16472.25
38,ND,SFSP_PART_2012,2184
38,ND,SFSP_PART_2013,2454
38,ND,SFSP_PART_2014,2497
38,ND,SFSP_PART_2015,3997
38,ND,SFSP_PART_2016,4011
38,ND,SFSP_PART_2017,3579
38,ND,SFSP_PART_2018,5257
38,ND,State_Population_2012,701116
38,ND,State_Population_2013,721999
38,ND,State_Population_2014,737382
38,ND,State_Population_2015,754022
38,ND,State_Population_2016,754353
38,ND,State_Population_2017,755176
38,ND,State_Population_2018,760077
39,OH,WIC_PART_2012,275627.3333
39,OH,WIC_PART_2013,263683.4167
39,OH,WIC_PART_2014,250370
39,OH,WIC_PART_2015,244200.6667
39,OH,WIC_PART_2016,234719.1667
39,OH,WIC_PART_2017,221746
39,OH,WIC_PART_2018,208955.4167
39,OH,NSLP_PART_2012,1114370.85
39,OH,NSLP_PART_2013,1063938.751
39,OH,NSLP_PART_2014,1051279.156
39,OH,NSLP_PART_2015,1019834.472
39,OH,NSLP_PART_2016,1013673.019
39,OH,NSLP_PART_2017,994188.781
39,OH,NSLP_PART_2018,984749.8502
39,OH,SBP_PART_2012,418371.3293
39,OH,SBP_PART_2013,422862.1599
39,OH,SBP_PART_2014,428384.0345
39,OH,SBP_PART_2015,433618.4826
39,OH,SBP_PART_2016,450164.5691
39,OH,SBP_PART_2017,449464.8208
39,OH,SBP_PART_2018,450290.1834
39,OH,CACFP_PART_2012,124904.75
39,OH,CACFP_PART_2013,122550.75
39,OH,CACFP_PART_2014,118292
39,OH,CACFP_PART_2015,115070
39,OH,CACFP_PART_2016,116330
39,OH,CACFP_PART_2017,115881.5
39,OH,CACFP_PART_2018,116060.5
39,OH,SFSP_PART_2012,64450
39,OH,SFSP_PART_2013,60307
39,OH,SFSP_PART_2014,51126
39,OH,SFSP_PART_2015,50990
39,OH,SFSP_PART_2016,51339
39,OH,SFSP_PART_2017,64698
39,OH,SFSP_PART_2018,65578
39,OH,State_Population_2012,11548369
39,OH,State_Population_2013,11576576
39,OH,State_Population_2014,11602973
39,OH,State_Population_2015,11617850
39,OH,State_Population_2016,11635003
39,OH,State_Population_2017,11664129
39,OH,State_Population_2018,11689442
40,OK,WIC_PART_2012,123069.8332
40,OK,WIC_PART_2013,118552.3334
40,OK,WIC_PART_2014,114489.8334
40,OK,WIC_PART_2015,112892.1666
40,OK,WIC_PART_2016,110724.6667
40,OK,WIC_PART_2017,105845.75
40,OK,WIC_PART_2018,98550.6668
40,OK,NSLP_PART_2012,446144.1927
40,OK,NSLP_PART_2013,437992.0892
40,OK,NSLP_PART_2014,439385.7126
40,OK,NSLP_PART_2015,440444.6842
40,OK,NSLP_PART_2016,447425.027
40,OK,NSLP_PART_2017,442477.5261
40,OK,NSLP_PART_2018,440851.1327
40,OK,SBP_PART_2012,227416.7566
40,OK,SBP_PART_2013,227754.4048
40,OK,SBP_PART_2014,226575.4525
40,OK,SBP_PART_2015,225685.4848
40,OK,SBP_PART_2016,232765.4321
40,OK,SBP_PART_2017,231253.6258
40,OK,SBP_PART_2018,229567.7814
40,OK,CACFP_PART_2012,54327.25
40,OK,CACFP_PART_2013,53632.25
40,OK,CACFP_PART_2014,52954
40,OK,CACFP_PART_2015,53308.5
40,OK,CACFP_PART_2016,55330.25
40,OK,CACFP_PART_2017,58252.5
40,OK,CACFP_PART_2018,63207.25
40,OK,SFSP_PART_2012,11390
40,OK,SFSP_PART_2013,11315
40,OK,SFSP_PART_2014,16850
40,OK,SFSP_PART_2015,16793
40,OK,SFSP_PART_2016,13502
40,OK,SFSP_PART_2017,13222
40,OK,SFSP_PART_2018,13418
40,OK,State_Population_2012,3818600
40,OK,State_Population_2013,3853205
40,OK,State_Population_2014,3878367
40,OK,State_Population_2015,3909831
40,OK,State_Population_2016,3926769
40,OK,State_Population_2017,3932640
40,OK,State_Population_2018,3943079
41,OR,WIC_PART_2012,111647.8333
41,OR,WIC_PART_2013,107858.75
41,OR,WIC_PART_2014,103226.75
41,OR,WIC_PART_2015,98303.6667
41,OR,WIC_PART_2016,92791.9167
41,OR,WIC_PART_2017,89534.1667
41,OR,WIC_PART_2018,85773.8333
41,OR,NSLP_PART_2012,307110.1522
41,OR,NSLP_PART_2013,293386.6715
41,OR,NSLP_PART_2014,288241.8794
41,OR,NSLP_PART_2015,294407.6471
41,OR,NSLP_PART_2016,303164.3294
41,OR,NSLP_PART_2017,297119.9808
41,OR,NSLP_PART_2018,293894.4025
41,OR,SBP_PART_2012,142434.7357
41,OR,SBP_PART_2013,139697.2312
41,OR,SBP_PART_2014,139399.976
41,OR,SBP_PART_2015,141972.0724
41,OR,SBP_PART_2016,146580.7264
41,OR,SBP_PART_2017,144675.6562
41,OR,SBP_PART_2018,147042.9102
41,OR,CACFP_PART_2012,46211.25
41,OR,CACFP_PART_2013,44569.5
41,OR,CACFP_PART_2014,46407.25
41,OR,CACFP_PART_2015,48025.25
41,OR,CACFP_PART_2016,49085.75
41,OR,CACFP_PART_2017,49632
41,OR,CACFP_PART_2018,48177.75
41,OR,SFSP_PART_2012,40815
41,OR,SFSP_PART_2013,38653
41,OR,SFSP_PART_2014,41368
41,OR,SFSP_PART_2015,39454
41,OR,SFSP_PART_2016,38390
41,OR,SFSP_PART_2017,37979
41,OR,SFSP_PART_2018,35802
41,OR,State_Population_2012,3899118
41,OR,State_Population_2013,3922908
41,OR,State_Population_2014,3964106
41,OR,State_Population_2015,4016918
41,OR,State_Population_2016,4091404
41,OR,State_Population_2017,4146592
41,OR,State_Population_2018,4190713
42,PA,WIC_PART_2012,253010.75
42,PA,WIC_PART_2013,253258.0833
42,PA,WIC_PART_2014,248761
42,PA,WIC_PART_2015,245979.4167
42,PA,WIC_PART_2016,237204.9167
42,PA,WIC_PART_2017,226059.8333
42,PA,WIC_PART_2018,218188.4167
42,PA,NSLP_PART_2012,1127529.905
42,PA,NSLP_PART_2013,1066255.184
42,PA,NSLP_PART_2014,1040557.114
42,PA,NSLP_PART_2015,1034973.99
42,PA,NSLP_PART_2016,1029007.551
42,PA,NSLP_PART_2017,1021177.634
42,PA,NSLP_PART_2018,1017565.504
42,PA,SBP_PART_2012,343326.3814
42,PA,SBP_PART_2013,345081.6253
42,PA,SBP_PART_2014,346512.6453
42,PA,SBP_PART_2015,354807.1437
42,PA,SBP_PART_2016,385959.487
42,PA,SBP_PART_2017,394394.9419
42,PA,SBP_PART_2018,406449.119
42,PA,CACFP_PART_2012,163791.25
42,PA,CACFP_PART_2013,135341.5
42,PA,CACFP_PART_2014,135570
42,PA,CACFP_PART_2015,145039.25
42,PA,CACFP_PART_2016,146832.25
42,PA,CACFP_PART_2017,159262
42,PA,CACFP_PART_2018,156001
42,PA,SFSP_PART_2012,103651
42,PA,SFSP_PART_2013,96893
42,PA,SFSP_PART_2014,75324
42,PA,SFSP_PART_2015,78961
42,PA,SFSP_PART_2016,71015
42,PA,SFSP_PART_2017,81220
42,PA,SFSP_PART_2018,81373
42,PA,State_Population_2012,12766827
42,PA,State_Population_2013,12776621
42,PA,State_Population_2014,12789101
42,PA,State_Population_2015,12785759
42,PA,State_Population_2016,12783538
42,PA,State_Population_2017,12790447
42,PA,State_Population_2018,12807060
44,RI,WIC_PART_2012,24261.1667
44,RI,WIC_PART_2013,23415.8333
44,RI,WIC_PART_2014,22138.75
44,RI,WIC_PART_2015,20728.0833
44,RI,WIC_PART_2016,20375.25
44,RI,WIC_PART_2017,19500.5833
44,RI,WIC_PART_2018,18950.4167
44,RI,NSLP_PART_2012,79746.9735
44,RI,NSLP_PART_2013,77352.5111
44,RI,NSLP_PART_2014,76867.4338
44,RI,NSLP_PART_2015,76254.1052
44,RI,NSLP_PART_2016,77881.5774
44,RI,NSLP_PART_2017,77398.5377
44,RI,NSLP_PART_2018,76330.8162
44,RI,SBP_PART_2012,32981.4215
44,RI,SBP_PART_2013,32530.6245
44,RI,SBP_PART_2014,32832.3145
44,RI,SBP_PART_2015,32379.2401
44,RI,SBP_PART_2016,34153.422
44,RI,SBP_PART_2017,34463.5023
44,RI,SBP_PART_2018,33564.1855
44,RI,CACFP_PART_2012,9371.5
44,RI,CACFP_PART_2013,9191.75
44,RI,CACFP_PART_2014,9515.25
44,RI,CACFP_PART_2015,9892.75
44,RI,CACFP_PART_2016,9706.5
44,RI,CACFP_PART_2017,9469.75
44,RI,CACFP_PART_2018,9209.25
44,RI,SFSP_PART_2012,8221
44,RI,SFSP_PART_2013,8188
44,RI,SFSP_PART_2014,9612
44,RI,SFSP_PART_2015,10705
44,RI,SFSP_PART_2016,10963
44,RI,SFSP_PART_2017,10885
44,RI,SFSP_PART_2018,10824
44,RI,State_Population_2012,1054601
44,RI,State_Population_2013,1055122
44,RI,State_Population_2014,1056017
44,RI,State_Population_2015,1056173
44,RI,State_Population_2016,1057063
44,RI,State_Population_2017,1056486
44,RI,State_Population_2018,1057315
45,SC,WIC_PART_2012,130524.9167
45,SC,WIC_PART_2013,124287.1667
45,SC,WIC_PART_2014,113179.4167
45,SC,WIC_PART_2015,114561.5833
45,SC,WIC_PART_2016,107256.5
45,SC,WIC_PART_2017,99331.6667
45,SC,WIC_PART_2018,92152.5
45,SC,NSLP_PART_2012,492877.7418
45,SC,NSLP_PART_2013,478053.5778
45,SC,NSLP_PART_2014,474023.253
45,SC,NSLP_PART_2015,483026.1297
45,SC,NSLP_PART_2016,478435.9343
45,SC,NSLP_PART_2017,472538.1757
45,SC,NSLP_PART_2018,472200.4075
45,SC,SBP_PART_2012,272397.9384
45,SC,SBP_PART_2013,273442.8862
45,SC,SBP_PART_2014,270340.525
45,SC,SBP_PART_2015,266238.4035
45,SC,SBP_PART_2016,268231.8111
45,SC,SBP_PART_2017,267280.2349
45,SC,SBP_PART_2018,268138.799
45,SC,CACFP_PART_2012,33468.5
45,SC,CACFP_PART_2013,35513.5
45,SC,CACFP_PART_2014,36367.25
45,SC,CACFP_PART_2015,39243.25
45,SC,CACFP_PART_2016,39241
45,SC,CACFP_PART_2017,40176.25
45,SC,CACFP_PART_2018,50683.5
45,SC,SFSP_PART_2012,56178
45,SC,SFSP_PART_2013,56172
45,SC,SFSP_PART_2014,71257
45,SC,SFSP_PART_2015,66560
45,SC,SFSP_PART_2016,61654
45,SC,SFSP_PART_2017,35127
45,SC,SFSP_PART_2018,49713
45,SC,State_Population_2012,4717112
45,SC,State_Population_2013,4764153
45,SC,State_Population_2014,4823793
45,SC,State_Population_2015,4892253
45,SC,State_Population_2016,4958235
45,SC,State_Population_2017,5021219
45,SC,State_Population_2018,5084127
46,SD,WIC_PART_2012,22153.25
46,SD,WIC_PART_2013,20430
46,SD,WIC_PART_2014,19573.1667
46,SD,WIC_PART_2015,19474.0001
46,SD,WIC_PART_2016,19120
46,SD,WIC_PART_2017,18366.5834
46,SD,WIC_PART_2018,17667
46,SD,NSLP_PART_2012,107366.6547
46,SD,NSLP_PART_2013,106251.9477
46,SD,NSLP_PART_2014,107748.8913
46,SD,NSLP_PART_2015,107351.7919
46,SD,NSLP_PART_2016,108324.4636
46,SD,NSLP_PART_2017,107494.0669
46,SD,NSLP_PART_2018,106446.2423
46,SD,SBP_PART_2012,27502.6969
46,SD,SBP_PART_2013,28026.1297
46,SD,SBP_PART_2014,28419.6332
46,SD,SBP_PART_2015,28943.4256
46,SD,SBP_PART_2016,30048.304
46,SD,SBP_PART_2017,29734.2682
46,SD,SBP_PART_2018,29611.8902
46,SD,CACFP_PART_2012,14750.75
46,SD,CACFP_PART_2013,14372.25
46,SD,CACFP_PART_2014,14106.75
46,SD,CACFP_PART_2015,17892
46,SD,CACFP_PART_2016,18120.5
46,SD,CACFP_PART_2017,15379.5
46,SD,CACFP_PART_2018,14898
46,SD,SFSP_PART_2012,5518
46,SD,SFSP_PART_2013,6060
46,SD,SFSP_PART_2014,5891
46,SD,SFSP_PART_2015,5891
46,SD,SFSP_PART_2016,5741
46,SD,SFSP_PART_2017,5950
46,SD,SFSP_PART_2018,6721
46,SD,State_Population_2012,833496
46,SD,State_Population_2013,842270
46,SD,State_Population_2014,849088
46,SD,State_Population_2015,853933
46,SD,State_Population_2016,862890
46,SD,State_Population_2017,873286
46,SD,State_Population_2018,882235
47,TN,WIC_PART_2012,162774.9167
47,TN,WIC_PART_2013,159426
47,TN,WIC_PART_2014,153741.8333
47,TN,WIC_PART_2015,150115.75
47,TN,WIC_PART_2016,143730.1667
47,TN,WIC_PART_2017,136302.8333
47,TN,WIC_PART_2018,127814.3333
47,TN,NSLP_PART_2012,687451.9957
47,TN,NSLP_PART_2013,656847.1773
47,TN,NSLP_PART_2014,649935.1552
47,TN,NSLP_PART_2015,676702.8647
47,TN,NSLP_PART_2016,671670.6221
47,TN,NSLP_PART_2017,656161.213
47,TN,NSLP_PART_2018,653667.9852
47,TN,SBP_PART_2012,333402.7328
47,TN,SBP_PART_2013,350108.4742
47,TN,SBP_PART_2014,361069.6392
47,TN,SBP_PART_2015,376865.7557
47,TN,SBP_PART_2016,395113.6282
47,TN,SBP_PART_2017,390008.2704
47,TN,SBP_PART_2018,386907.4673
47,TN,CACFP_PART_2012,68257.5
47,TN,CACFP_PART_2013,70148
47,TN,CACFP_PART_2014,68795
47,TN,CACFP_PART_2015,73420
47,TN,CACFP_PART_2016,78125.5
47,TN,CACFP_PART_2017,86603.5
47,TN,CACFP_PART_2018,87587.25
47,TN,SFSP_PART_2012,32434
47,TN,SFSP_PART_2013,41923
47,TN,SFSP_PART_2014,48636
47,TN,SFSP_PART_2015,46923
47,TN,SFSP_PART_2016,39483
47,TN,SFSP_PART_2017,68964
47,TN,SFSP_PART_2018,66084
47,TN,State_Population_2012,6451281
47,TN,State_Population_2013,6493432
47,TN,State_Population_2014,6540826
47,TN,State_Population_2015,6590808
47,TN,State_Population_2016,6645011
47,TN,State_Population_2017,6708794
47,TN,State_Population_2018,6770010
48,TX,WIC_PART_2012,969893.0833
48,TX,WIC_PART_2013,955072.25
48,TX,WIC_PART_2014,916461.1667
48,TX,WIC_PART_2015,886409.1667
48,TX,WIC_PART_2016,859819.4167
48,TX,WIC_PART_2017,821873.25
48,TX,WIC_PART_2018,746246.25
48,TX,NSLP_PART_2012,3374153.902
48,TX,NSLP_PART_2013,3314594.151
48,TX,NSLP_PART_2014,3322511.926
48,TX,NSLP_PART_2015,3379270.646
48,TX,NSLP_PART_2016,3377166.127
48,TX,NSLP_PART_2017,3348977.346
48,TX,NSLP_PART_2018,3342252.907
48,TX,SBP_PART_2012,1786413.64
48,TX,SBP_PART_2013,1818710.296
48,TX,SBP_PART_2014,1864868.992
48,TX,SBP_PART_2015,1902635.982
48,TX,SBP_PART_2016,1928262.136
48,TX,SBP_PART_2017,1909050.821
48,TX,SBP_PART_2018,1918382.836
48,TX,CACFP_PART_2012,351921.5
48,TX,CACFP_PART_2013,369514.5
48,TX,CACFP_PART_2014,410908.25
48,TX,CACFP_PART_2015,474922.75
48,TX,CACFP_PART_2016,546726.5
48,TX,CACFP_PART_2017,594859.5
48,TX,CACFP_PART_2018,670944.5
48,TX,SFSP_PART_2012,176587
48,TX,SFSP_PART_2013,180355
48,TX,SFSP_PART_2014,181174
48,TX,SFSP_PART_2015,139673
48,TX,SFSP_PART_2016,126660
48,TX,SFSP_PART_2017,113922
48,TX,SFSP_PART_2018,144853
48,TX,State_Population_2012,26089620
48,TX,State_Population_2013,26489464
48,TX,State_Population_2014,26977142
48,TX,State_Population_2015,27486814
48,TX,State_Population_2016,27937492
48,TX,State_Population_2017,28322717
48,TX,State_Population_2018,28701845
49,UT,WIC_PART_2012,69641
49,UT,WIC_PART_2013,66725.8333
49,UT,WIC_PART_2014,61259.4167
49,UT,WIC_PART_2015,58994.9167
49,UT,WIC_PART_2016,56584.25
49,UT,WIC_PART_2017,53747.8333
49,UT,WIC_PART_2018,48988.5833
49,UT,NSLP_PART_2012,348886.0122
49,UT,NSLP_PART_2013,331692.7964
49,UT,NSLP_PART_2014,330222.5818
49,UT,NSLP_PART_2015,334253.0265
49,UT,NSLP_PART_2016,334437.972
49,UT,NSLP_PART_2017,335492.5087
49,UT,NSLP_PART_2018,333361.7404
49,UT,SBP_PART_2012,74579.5278
49,UT,SBP_PART_2013,74309.6009
49,UT,SBP_PART_2014,75284.6698
49,UT,SBP_PART_2015,76546.2064
49,UT,SBP_PART_2016,84556.9939
49,UT,SBP_PART_2017,87312.3577
49,UT,SBP_PART_2018,86015.3422
49,UT,CACFP_PART_2012,31559.5
49,UT,CACFP_PART_2013,32788
49,UT,CACFP_PART_2014,33196.25
49,UT,CACFP_PART_2015,34851.75
49,UT,CACFP_PART_2016,32897.75
49,UT,CACFP_PART_2017,32950
49,UT,CACFP_PART_2018,32657.5
49,UT,SFSP_PART_2012,13670
49,UT,SFSP_PART_2013,13186
49,UT,SFSP_PART_2014,11015
49,UT,SFSP_PART_2015,6803
49,UT,SFSP_PART_2016,7813
49,UT,SFSP_PART_2017,7514
49,UT,SFSP_PART_2018,3355
49,UT,State_Population_2012,2853467
49,UT,State_Population_2013,2897927
49,UT,State_Population_2014,2937399
49,UT,State_Population_2015,2982497
49,UT,State_Population_2016,3042613
49,UT,State_Population_2017,3103118
49,UT,State_Population_2018,3161105
50,VT,WIC_PART_2012,15471.0833
50,VT,WIC_PART_2013,14836.25
50,VT,WIC_PART_2014,14226.6667
50,VT,WIC_PART_2015,13733.3333
50,VT,WIC_PART_2016,12755.5833
50,VT,WIC_PART_2017,11557.8333
50,VT,WIC_PART_2018,11426.5
50,VT,NSLP_PART_2012,54209.2773
50,VT,NSLP_PART_2013,51536.9771
50,VT,NSLP_PART_2014,50499.8202
50,VT,NSLP_PART_2015,49158.9356
50,VT,NSLP_PART_2016,48450.1978
50,VT,NSLP_PART_2017,47100.5634
50,VT,NSLP_PART_2018,46480.5226
50,VT,SBP_PART_2012,23522.8335
50,VT,SBP_PART_2013,22926.4054
50,VT,SBP_PART_2014,22933.8367
50,VT,SBP_PART_2015,22703.9434
50,VT,SBP_PART_2016,24305.4057
50,VT,SBP_PART_2017,24708.9776
50,VT,SBP_PART_2018,25457.749
50,VT,CACFP_PART_2012,7914.25
50,VT,CACFP_PART_2013,9011
50,VT,CACFP_PART_2014,9808
50,VT,CACFP_PART_2015,10353.75
50,VT,CACFP_PART_2016,11580.5
50,VT,CACFP_PART_2017,17302.75
50,VT,CACFP_PART_2018,13376.5
50,VT,SFSP_PART_2012,6556
50,VT,SFSP_PART_2013,6654
50,VT,SFSP_PART_2014,7577
50,VT,SFSP_PART_2015,8018
50,VT,SFSP_PART_2016,8754
50,VT,SFSP_PART_2017,9328
50,VT,SFSP_PART_2018,9759
50,VT,State_Population_2012,626063
50,VT,State_Population_2013,626212
50,VT,State_Population_2014,625218
50,VT,State_Population_2015,625197
50,VT,State_Population_2016,623644
50,VT,State_Population_2017,624525
50,VT,State_Population_2018,626299
51,VA,WIC_PART_2012,159137.4167
51,VA,WIC_PART_2013,155935.3333
51,VA,WIC_PART_2014,144597.5833
51,VA,WIC_PART_2015,139631.6667
51,VA,WIC_PART_2016,132404
51,VA,WIC_PART_2017,122184.9167
51,VA,WIC_PART_2018,113951.6667
51,VA,NSLP_PART_2012,749114.7069
51,VA,NSLP_PART_2013,717617.5237
51,VA,NSLP_PART_2014,708104.6386
51,VA,NSLP_PART_2015,702669.9029
51,VA,NSLP_PART_2016,702343.1619
51,VA,NSLP_PART_2017,694907.5872
51,VA,NSLP_PART_2018,702413.1607
51,VA,SBP_PART_2012,271107.0358
51,VA,SBP_PART_2013,272469.7351
51,VA,SBP_PART_2014,276308.1625
51,VA,SBP_PART_2015,284825.4824
51,VA,SBP_PART_2016,309949.8981
51,VA,SBP_PART_2017,329201.726
51,VA,SBP_PART_2018,351364.7369
51,VA,CACFP_PART_2012,70997
51,VA,CACFP_PART_2013,65337.75
51,VA,CACFP_PART_2014,66057.75
51,VA,CACFP_PART_2015,68505.75
51,VA,CACFP_PART_2016,71045
51,VA,CACFP_PART_2017,104110
51,VA,CACFP_PART_2018,112418.25
51,VA,SFSP_PART_2012,54339
51,VA,SFSP_PART_2013,55519
51,VA,SFSP_PART_2014,57306
51,VA,SFSP_PART_2015,57328
51,VA,SFSP_PART_2016,59073
51,VA,SFSP_PART_2017,73284
51,VA,SFSP_PART_2018,77137
51,VA,State_Population_2012,8185229
51,VA,State_Population_2013,8253053
51,VA,State_Population_2014,8312076
51,VA,State_Population_2015,8362907
51,VA,State_Population_2016,8410946
51,VA,State_Population_2017,8465207
51,VA,State_Population_2018,8517685
53,WA,WIC_PART_2012,194705.75
53,WA,WIC_PART_2013,191753.25
53,WA,WIC_PART_2014,183404.75
53,WA,WIC_PART_2015,176133.0833
53,WA,WIC_PART_2016,168877.5
53,WA,WIC_PART_2017,157453.4167
53,WA,WIC_PART_2018,145015.0833
53,WA,NSLP_PART_2012,540434.7357
53,WA,NSLP_PART_2013,519599.0651
53,WA,NSLP_PART_2014,522871.2693
53,WA,NSLP_PART_2015,518076.711
53,WA,NSLP_PART_2016,521145.7509
53,WA,NSLP_PART_2017,523214.3114
53,WA,NSLP_PART_2018,517572.456
53,WA,SBP_PART_2012,186266.2112
53,WA,SBP_PART_2013,183975.4285
53,WA,SBP_PART_2014,187886.0122
53,WA,SBP_PART_2015,188330.0971
53,WA,SBP_PART_2016,193262.4955
53,WA,SBP_PART_2017,195547.0454
53,WA,SBP_PART_2018,199595.9487
53,WA,CACFP_PART_2012,75386.5
53,WA,CACFP_PART_2013,65756.25
53,WA,CACFP_PART_2014,71528.25
53,WA,CACFP_PART_2015,79762
53,WA,CACFP_PART_2016,80268.75
53,WA,CACFP_PART_2017,83467.5
53,WA,CACFP_PART_2018,79603
53,WA,SFSP_PART_2012,41012
53,WA,SFSP_PART_2013,40365
53,WA,SFSP_PART_2014,46219
53,WA,SFSP_PART_2015,43904
53,WA,SFSP_PART_2016,42510
53,WA,SFSP_PART_2017,42470
53,WA,SFSP_PART_2018,44507
53,WA,State_Population_2012,6892876
53,WA,State_Population_2013,6962906
53,WA,State_Population_2014,7052439
53,WA,State_Population_2015,7163543
53,WA,State_Population_2016,7294680
53,WA,State_Population_2017,7425432
53,WA,State_Population_2018,7535591
54,WV,WIC_PART_2012,47890.9167
54,WV,WIC_PART_2013,46401.75
54,WV,WIC_PART_2014,43762.5
54,WV,WIC_PART_2015,41701.0833
54,WV,WIC_PART_2016,40390.9167
54,WV,WIC_PART_2017,38314.75
54,WV,WIC_PART_2018,35412.4167
54,WV,NSLP_PART_2012,201332.9737
54,WV,NSLP_PART_2013,194032.0029
54,WV,NSLP_PART_2014,192151.5042
54,WV,NSLP_PART_2015,194292.8203
54,WV,NSLP_PART_2016,193201.2465
54,WV,NSLP_PART_2017,191543.8092
54,WV,NSLP_PART_2018,186269.2077
54,WV,SBP_PART_2012,114119.7411
54,WV,SBP_PART_2013,116980.7024
54,WV,SBP_PART_2014,131580.1271
54,WV,SBP_PART_2015,150198.3699
54,WV,SBP_PART_2016,154201.3664
54,WV,SBP_PART_2017,155963.5623
54,WV,SBP_PART_2018,149357.1857
54,WV,CACFP_PART_2012,24122.5
54,WV,CACFP_PART_2013,24984
54,WV,CACFP_PART_2014,24069.25
54,WV,CACFP_PART_2015,24443.75
54,WV,CACFP_PART_2016,24773.5
54,WV,CACFP_PART_2017,23831.25
54,WV,CACFP_PART_2018,24036.75
54,WV,SFSP_PART_2012,13251
54,WV,SFSP_PART_2013,11930
54,WV,SFSP_PART_2014,12290
54,WV,SFSP_PART_2015,10118
54,WV,SFSP_PART_2016,9432
54,WV,SFSP_PART_2017,8519
54,WV,SFSP_PART_2018,9964
54,WV,State_Population_2012,1856764
54,WV,State_Population_2013,1853873
54,WV,State_Population_2014,1849467
54,WV,State_Population_2015,1841996
54,WV,State_Population_2016,1830929
54,WV,State_Population_2017,1817048
54,WV,State_Population_2018,1805832
55,WI,WIC_PART_2012,118584.9167
55,WI,WIC_PART_2013,113762.75
55,WI,WIC_PART_2014,108900.5
55,WI,WIC_PART_2015,105503.5833
55,WI,WIC_PART_2016,100151.9167
55,WI,WIC_PART_2017,95958.1667
55,WI,WIC_PART_2018,92487.0833
55,WI,NSLP_PART_2012,596221.8626
55,WI,NSLP_PART_2013,562217.0682
55,WI,NSLP_PART_2014,550476.2076
55,WI,NSLP_PART_2015,541766.7506
55,WI,NSLP_PART_2016,527339.3264
55,WI,NSLP_PART_2017,510632.9857
55,WI,NSLP_PART_2018,500434.1364
55,WI,SBP_PART_2012,172949.0591
55,WI,SBP_PART_2013,173059.0915
55,WI,SBP_PART_2014,177052.4991
55,WI,SBP_PART_2015,185094.3306
55,WI,SBP_PART_2016,192092.1731
55,WI,SBP_PART_2017,190113.8679
55,WI,SBP_PART_2018,192102.1215
55,WI,CACFP_PART_2012,60128.25
55,WI,CACFP_PART_2013,59571.75
55,WI,CACFP_PART_2014,61314.75
55,WI,CACFP_PART_2015,61147.25
55,WI,CACFP_PART_2016,61480.5
55,WI,CACFP_PART_2017,59831
55,WI,CACFP_PART_2018,58050.75
55,WI,SFSP_PART_2012,87538
55,WI,SFSP_PART_2013,88294
55,WI,SFSP_PART_2014,97600
55,WI,SFSP_PART_2015,94796
55,WI,SFSP_PART_2016,90176
55,WI,SFSP_PART_2017,54672
55,WI,SFSP_PART_2018,51806
55,WI,State_Population_2012,5719855
55,WI,State_Population_2013,5736952
55,WI,State_Population_2014,5751974
55,WI,State_Population_2015,5761406
55,WI,State_Population_2016,5772958
55,WI,State_Population_2017,5792051
55,WI,State_Population_2018,5813568
56,WY,WIC_PART_2012,12601.5834
56,WY,WIC_PART_2013,11980.1666
56,WY,WIC_PART_2014,11628.9167
56,WY,WIC_PART_2015,10995.4167
56,WY,WIC_PART_2016,10782.8334
56,WY,WIC_PART_2017,10158.5834
56,WY,WIC_PART_2018,9062
56,WY,NSLP_PART_2012,56577.9695
56,WY,NSLP_PART_2013,53763.754
56,WY,NSLP_PART_2014,52885.4129
56,WY,NSLP_PART_2015,51854.1292
56,WY,NSLP_PART_2016,50876.0638
56,WY,NSLP_PART_2017,49904.5907
56,WY,NSLP_PART_2018,48141.3161
56,WY,SBP_PART_2012,15702.8647
56,WY,SBP_PART_2013,14914.4193
56,WY,SBP_PART_2014,14860.0024
56,WY,SBP_PART_2015,14683.4472
56,WY,SBP_PART_2016,15384.6338
56,WY,SBP_PART_2017,15706.7002
56,WY,SBP_PART_2018,16403.8116
56,WY,CACFP_PART_2012,9428.25
56,WY,CACFP_PART_2013,8243.5
56,WY,CACFP_PART_2014,8221
56,WY,CACFP_PART_2015,8069.75
56,WY,CACFP_PART_2016,7532.75
56,WY,CACFP_PART_2017,7069
56,WY,CACFP_PART_2018,6902.5
56,WY,SFSP_PART_2012,3079
56,WY,SFSP_PART_2013,3516
56,WY,SFSP_PART_2014,3529
56,WY,SFSP_PART_2015,4334
56,WY,SFSP_PART_2016,3734
56,WY,SFSP_PART_2017,4620
56,WY,SFSP_PART_2018,4671
56,WY,State_Population_2012,576270
56,WY,State_Population_2013,582123
56,WY,State_Population_2014,582548
56,WY,State_Population_2015,585668
56,WY,State_Population_2016,584290
56,WY,State_Population_2017,578934
56,WY,State_Population_2018,577737
